Commune,Code departement,idCommune
SAINT-ETIENNE-DU-BOIS,1,0_C
CHEVRY,1,1_C
DIVONNE-LES-BAINS,1,2_C
PERON,1,3_C
VALSERHONE,1,4_C
CULOZ,1,5_C
ST-GENIS-POUILLY,1,6_C
OYONNAX,1,7_C
ST-GERMAIN-DE-JOUX,1,8_C
GEX,1,9_C
AMBERIEU-EN-BUGEY,1,10_C
CESSY,1,11_C
SAULT-BRENAZ,1,12_C
FERNEY-VOLTAIRE,1,13_C
SEGNY,1,14_C
LAGNIEU,1,15_C
LE POIZAT-LALLEYRIAT,1,16_C
BELLEY,1,17_C
ORNEX,1,18_C
DORTAN,1,19_C
PREVESSIN-MOENS,1,20_C
BRENOD,1,21_C
SAINT-JEAN-LE-VIEUX,1,22_C
NANTUA,1,23_C
SAINT-DENIS-EN-BUGEY,1,24_C
THOIRY,1,25_C
BELLIGNAT,1,26_C
PLATEAU D'HAUTEVILLE,1,27_C
LELEX,1,28_C
VESANCY,1,29_C
IZERNORE,1,30_C
ECHENEVEX,1,31_C
VERSONNEX,1,32_C
SAINT-VULBAS,1,33_C
COLLONGES,1,34_C
CHAMPAGNE-EN-VALROMEY,1,35_C
JUJURIEUX,1,36_C
MATAFELON-GRANGES,1,37_C
HAUT-VALROMEY,1,38_C
ARBENT,1,39_C
LOYETTES,1,40_C
MIJOUX,1,41_C
SERGY,1,42_C
FARGES,1,43_C
CROZET,1,44_C
VILLARS-LES-DOMBES,1,45_C
MEXIMIEUX,1,46_C
MONTCEAUX,1,47_C
MONTLUEL,1,48_C
JASSANS-RIOTTIER,1,49_C
BEAUREGARD,1,50_C
DAGNEUX,1,51_C
MIONNAY,1,52_C
VILLIEU-LOYES-MOLLON,1,53_C
CHAUNY,2,54_C
LAON,2,55_C
LA FERE,2,56_C
URCEL,2,57_C
SAINT GOBAIN,2,58_C
TERGNIER,2,59_C
FOLEMBRAY,2,60_C
SAINT QUENTIN,2,61_C
SOISSONS,2,62_C
COURMELLES,2,63_C
VIC SUR AISNE,2,64_C
VILLERS-COTTERETS,2,65_C
LARGNY SUR AUTOMNE,2,66_C
NANTEUIL LA FOSSE,2,67_C
VAILLY-SUR-AISNE,2,68_C
COEUVRES ET VALSERY,2,69_C
BELLEU,2,70_C
CHATEAU THIERRY,2,71_C
FERE EN TARDENOIS,2,72_C
MOULINS,3,73_C
YZEURE,3,74_C
CUSSET,3,75_C
VICHY,3,76_C
SISTERON,4,77_C
RIEZ,4,78_C
ENCHASTRAYES,4,79_C
CHATEAU-ARNOUX-SAINT-AUBAN,4,80_C
DIGNE-LES-BAINS,4,81_C
MONTCLAR,4,82_C
ALLOS,4,83_C
CASTELLANE,4,84_C
JAUSIERS,4,85_C
LE LAUZET UBAYE,4,86_C
SEYNE,4,87_C
SAINTE CROIX DU VERDON,4,88_C
FAUCON-DE-BARCELONNETTE,4,89_C
BARCELONNETTE,4,90_C
GREOUX-LES-BAINS,4,91_C
SAINT-MARTIN-DE-BROMES,4,92_C
PEIPIN,4,93_C
VOLX,4,94_C
FORCALQUIER,4,95_C
SELONNET,4,96_C
MANOSQUE,4,97_C
UVERNET-FOURS,4,98_C
NOYERS-SUR-JABRON,4,99_C
PIERRERUE,4,100_C
ORAISON,4,101_C
L ESCALE,4,102_C
VILLENEUVE,4,103_C
VALENSOLE,4,104_C
VOLONNE,4,105_C
SAINTE-TULLE,4,106_C
SAINT-ETIENNE-LES-ORGUES,4,107_C
DEMANDOLX,4,108_C
BARREME,4,109_C
LARAGNE-MONTEGLIN,5,110_C
SAINT-MICHEL-DE-CHAILLOL,5,111_C
MONTGARDIN,5,112_C
VARS,5,113_C
EMBRUN,5,114_C
SAINT-SAUVEUR,5,115_C
BRIANCON,5,116_C
ORCIERES,5,117_C
VALLOUISE-PELVOUX,5,118_C
L'ARGENTIERE-LA-BESSEE,5,119_C
GAP,5,120_C
LE DEVOLUY,5,121_C
LA CHAPELLE-EN-VALGAUDEMAR,5,122_C
ABRIES-RISTOLAS,5,123_C
LA SALLE,5,124_C
VEYNES,5,125_C
ANCELLE,5,126_C
LES ORRES,5,127_C
SERRES,5,128_C
RISOUL,5,129_C
CHORGES,5,130_C
PUY SAINT VINCENT,5,131_C
SAINT-BONNET-EN-CHAMPSAUR,5,132_C
NEVACHE,5,133_C
LE MONETIER-LES-BAINS,5,134_C
LA BATIE NEUVE,5,135_C
GUILLESTRE,5,136_C
SAVINES-LE-LAC,5,137_C
MONTGENEVRE,5,138_C
LAYE,5,139_C
PUY-SANIERES,5,140_C
SAINT-CHAFFREY,5,141_C
NICE,6,142_C
SAINT-ANDRE DE LA ROCHE,6,143_C
LA TRINITE,6,144_C
FALICON,6,145_C
MENTON,6,146_C
ROQUEBRUNE CAP MARTIN,6,147_C
BEAUSOLEIL,6,148_C
LA BRIGUE,6,149_C
SAORGE,6,150_C
TENDE,6,151_C
SOSPEL,6,152_C
CASTELLAR,6,153_C
CASTILLON,6,154_C
GORBIO,6,155_C
MOULINET,6,156_C
BREIL-SUR-ROYA,6,157_C
SAINTE-AGNES,6,158_C
VILLEFRANCHE-SUR-MER,6,159_C
ISOLA,6,160_C
PEONE,6,161_C
VALDEBLORE,6,162_C
BEAULIEU SUR MER,6,163_C
PEILLON,6,164_C
DRAP,6,165_C
L'ESCARENE,6,166_C
CAP-D AIL,6,167_C
VILLARS-SUR-VAR,6,168_C
SAINT-MARTIN-VESUBIE,6,169_C
BENDEJUN,6,170_C
SAINT-ETIENNE-DE-TINEE,6,171_C
SAINT-MARTIN-DU-VAR,6,172_C
CONTES,6,173_C
LA TURBIE,6,174_C
GUILLAUMES,6,175_C
PEILLE,6,176_C
EZE,6,177_C
GILETTE,6,178_C
ROQUEBILLIERE,6,179_C
COLOMARS,6,180_C
SAINT-JEAN-CAP-FERRAT,6,181_C
LEVENS,6,182_C
BEUIL,6,183_C
BERRE-LES-ALPES,6,184_C
TOUDON,6,185_C
BLAUSASC,6,186_C
BELVEDERE,6,187_C
LUCERAM,6,188_C
LANTOSQUE,6,189_C
ASPREMONT,6,190_C
LA BOLLENE-VESUBIE,6,191_C
RIMPLAS,6,192_C
CANTARON,6,193_C
CLANS,6,194_C
LA ROQUETTE SUR VAR,6,195_C
UTELLE,6,196_C
PUGET-THENIERS,6,197_C
LE CANNET,6,198_C
MOUANS-SARTOUX,6,199_C
VALLAURIS,6,200_C
ANTIBES,6,201_C
LA ROQUETTE SUR SIAGNE,6,202_C
MOUGINS,6,203_C
BIOT,6,204_C
CANNES,6,205_C
MANDELIEU-LA-NAPOULE,6,206_C
GRASSE,6,207_C
PEGOMAS,6,208_C
THEOULE-SUR-MER,6,209_C
CARROS,6,210_C
VENCE,6,211_C
SAINT-CEZAIRE-SUR-SIAGNE,6,212_C
LE BROC,6,213_C
SAINT-VALLIER-DE-THIEY,6,214_C
LA GAUDE,6,215_C
LE BAR-SUR-LOUP,6,216_C
VALBONNE,6,217_C
GREOLIERES,6,218_C
PEYMEINADE,6,219_C
ANDON,6,220_C
CAGNES SUR MER,6,221_C
VILLENEUVE-LOUBET,6,222_C
SAINT LAURENT DU VAR,6,223_C
LA COLLE SUR LOUP,6,224_C
SAINT-PAUL-DE-VENCE,6,225_C
SAINT-JUST-D'ARDECHE,7,226_C
VALS-LES-BAINS,7,227_C
BOURG-SAINT-ANDEOL,7,228_C
GRAVIERES,7,229_C
SALAVAS,7,230_C
AUBENAS,7,231_C
LA-VOULTE-SUR-RHONE,7,232_C
PRIVAS,7,233_C
CHARMES-SUR-RHONE,7,234_C
VALLON PONT D'ARC,7,235_C
LABEGUDE,7,236_C
RUOMS,7,237_C
LANAS,7,238_C
SAINT-SERNIN,7,239_C
SAINT-GEORGES-LES-BAINS,7,240_C
VIVIERS,7,241_C
SAINT-MONTAN,7,242_C
ST JULIEN EN ST ALBAN,7,243_C
SAINT-MARTIN-D' ARDECHE,7,244_C
TOURNON-SUR-RHONE,7,245_C
SAINT-PERAY,7,246_C
GUILHERAND-GRANGES,7,247_C
ANNONAY,7,248_C
SARRAS,7,249_C
FELINES,7,250_C
SAINT-JEAN-DE-MUZOLS,7,251_C
DAVEZIEUX,7,252_C
CHARLEVILLE-MEZIERES,8,253_C
GIVET,8,254_C
SAINT-LAURENT,8,255_C
RETHEL,8,256_C
SEDAN,8,257_C
CARIGNAN,8,258_C
BALAN,8,259_C
BAZEILLES,8,260_C
USTOU,9,261_C
SAVERDUN,9,262_C
FOIX,9,263_C
SAINT-JEAN-DU-FALGA,9,264_C
LUZENAC,9,265_C
AX-LES-THERMES,9,266_C
MIREPOIX,9,267_C
LAVELANET,9,268_C
PAMIERS,9,269_C
DAUMAZAN-SUR-ARIZE,9,270_C
SAINTE SAVINE,10,271_C
ROSIERES PRES TROYES,10,272_C
ROMILLY SUR SEINE,10,273_C
SAINT JULIEN LES VILLAS,10,274_C
SAINT ANDRE LES VERGERS,10,275_C
TROYES,10,276_C
TRAINEL,10,277_C
LA CHAPELLE ST LUC,10,278_C
BAR SUR AUBE,10,279_C
PONTSAINTE MARIE,10,280_C
NOGENT SUR SEINE,10,281_C
LES NOES PRES TROYES,10,282_C
COLOMBE LA FOSSE,10,283_C
DIENVILLE,10,284_C
CARCASSONNE,11,285_C
CASTELNAUDARY,11,286_C
PEXIORA,11,287_C
TREBES,11,288_C
LAVALETTE,11,289_C
LIMOUX,11,290_C
RENNES LES BAINS,11,291_C
FITOU,11,292_C
SIGEAN,11,293_C
PORT-LA-NOUVELLE,11,294_C
GRUISSAN,11,295_C
LEUCATE,11,296_C
NARBONNE,11,297_C
VINASSAN,11,298_C
FLEURY D AUDE,11,299_C
BOUTENAC,11,300_C
PEYRIAC DE MER,11,301_C
BAGES,11,302_C
LEZIGNAN-CORBIERES,11,303_C
SALLES D AUDE,11,304_C
MOUSSAN,11,305_C
COURSAN,11,306_C
LE MONASTERE,12,307_C
MARSEILLE 2EME,13,308_C
MARSEILLE 4EME,13,309_C
MARSEILLE 1ER,13,310_C
MARSEILLE 16EME,13,311_C
MARSEILLE 15EME,13,312_C
MARSEILLE 3EME,13,313_C
MARSEILLE 14EME,13,314_C
MARSEILLE 10EME,13,315_C
MARSEILLE 7EME,13,316_C
MARSEILLE 5EME,13,317_C
MARSEILLE 6EME,13,318_C
MARSEILLE 9EME,13,319_C
AUBAGNE,13,320_C
MARSEILLE 8EME,13,321_C
CARNOUX-EN-PROVENCE,13,322_C
CASSIS,13,323_C
ROQUEVAIRE,13,324_C
LA CIOTAT,13,325_C
LA DESTROUSSE,13,326_C
AURIOL,13,327_C
LA PENNE SUR HUVEAUNE,13,328_C
LA BOUILLADISSE,13,329_C
SAINT SAVOURNIN,13,330_C
ROQUEFORT LA BEDOULE,13,331_C
PEYPIN,13,332_C
GREASQUE,13,333_C
GEMENOS,13,334_C
CUGES LES PINS,13,335_C
MARSEILLE 13EME,13,336_C
MARSEILLE 12EME,13,337_C
PLAN DE CUQUES,13,338_C
MARSEILLE 11EME,13,339_C
ALLAUCH,13,340_C
MIRAMAS,13,341_C
SALON-DE-PROVENCE,13,342_C
AIX EN PROVENCE,13,343_C
ROUSSET,13,344_C
ENSUES-LA-REDONNE,13,345_C
CHATEAUNEUF-LES-MARTIGUES,13,346_C
VITROLLES,13,347_C
MARIGNANE,13,348_C
GIGNAC-LA-NERTHE,13,349_C
EYRAGUES,13,350_C
SAINT-REMY-DE-PROVENCE,13,351_C
ARLES,13,352_C
GRAVESON,13,353_C
EYGUIERES,13,354_C
CHATEAURENARD,13,355_C
CAEN,14,356_C
MERVILLE FRANCEVILLE,14,357_C
GRANDCAMP-MAISY,14,358_C
LISIEUX,14,359_C
HONFLEUR,14,360_C
TROUVILLE-SUR-MER,14,361_C
DIVES-SUR-MER,14,362_C
VILLERS-SUR-MER,14,363_C
DEAUVILLE,14,364_C
HOULGATE,14,365_C
PONT-L EVEQUE,14,366_C
BLONVILLE-SUR-MER,14,367_C
TOURGEVILLE,14,368_C
TOUQUES,14,369_C
BENERVILLE-SUR-MER,14,370_C
DOZULE,14,371_C
EQUEMAUVILLE,14,372_C
SAINT-ARNOULT,14,373_C
RIVIERE-SAINT-SAUVEUR (LA),14,374_C
ANGOULEME,16,375_C
RUELLE-SUR-TOUVRE,16,376_C
SOYAUX,16,377_C
BARBEZIEUX SAINT HILAIRE,16,378_C
L'ISLE D'ESPAGNAC,16,379_C
GOND PONTOUVRE,16,380_C
SAINT-MICHEL,16,381_C
SAINT-XANDRE,17,382_C
LA ROCHELLE,17,383_C
LAGORD,17,384_C
PERIGNY,17,385_C
CHATELAILLON-PLAGE,17,386_C
AYTRE,17,387_C
CLAVETTE,17,388_C
LOIX,17,389_C
SAINT-MARTIN-DE-RE,17,390_C
COURCON,17,391_C
LES PORTES-EN-RE,17,392_C
PUILBOREAU,17,393_C
DOMPIERRE-SUR-MER,17,394_C
MARANS,17,395_C
ARS-EN-RE,17,396_C
ANGOULINS,17,397_C
ROCHEFORT,17,398_C
TONNAY CHARENTE,17,399_C
FOURAS,17,400_C
SAINTES,17,401_C
SAUJON,17,402_C
SAINT-GEORGES-DE-DIDONNE,17,403_C
MESCHERS-SUR-GIRONDE,17,404_C
BARZAN,17,405_C
ST JEAN D'ANGELY,17,406_C
VIERZON,18,407_C
BOURGES,18,408_C
SAINT-FLORENT-SUR-CHER,18,409_C
MEHUN-SUR-YEVRE,18,410_C
MORTHOMIERS,18,411_C
ALLOUIS,18,412_C
SAINT-AMAND-MONTROND,18,413_C
AUBIGNY-SUR-NERE,18,414_C
TREIGNAC,19,415_C
TULLE,19,416_C
USSEL,19,417_C
BRIVE LA GAILLARDE,19,418_C
USSAC,19,419_C
SAINT-SORNIN-LAVOLPS,19,420_C
MALEMORT,19,421_C
SAINTE FEREOLE,19,422_C
DIJON,21,423_C
SAINT-BRIEUC,22,424_C
ERQUY,22,425_C
LAMBALLE-ARMOR,22,426_C
CHATELAUDREN-PLOUAGAT,22,427_C
LANGUEUX,22,428_C
PLOUFRAGAN,22,429_C
PLOUHA,22,430_C
PAIMPOL,22,431_C
PLENEUF-VAL-ANDRE,22,432_C
SAINT-QUAY-PORTRIEUX,22,433_C
PLERIN,22,434_C
BINIC-ETABLES-SUR-MER,22,435_C
HILLION,22,436_C
TREGUEUX,22,437_C
NOYAL,22,438_C
BEAUSSAIS-SUR-MER,22,439_C
DINAN,22,440_C
SAINT-CAST-LE-GUILDO,22,441_C
FREHEL,22,442_C
TADEN,22,443_C
LANCIEUX,22,444_C
PLANCOET,22,445_C
CAULNES,22,446_C
LANVALLAY,22,447_C
MATIGNON,22,448_C
BROONS,22,449_C
GUINGAMP,22,450_C
PLOUMAGOAR,22,451_C
PERROS-GUIREC,22,452_C
LANNION,22,453_C
TREGUIER,22,454_C
TREVOU-TREGUIGNEC,22,455_C
TREBEURDEN,22,456_C
PLESTIN-LES-GREVES,22,457_C
LOUDEAC,22,458_C
LA SOUTERRAINE,23,459_C
GUERET,23,460_C
PERIGUEUX,24,461_C
TRELISSAC,24,462_C
BOULAZAC ISLE MANOIRE,24,463_C
COULOUNIEIX-CHAMIERS,24,464_C
BERGERAC,24,465_C
PORT-SAINTE-FOY-ET-PONCHAPT,24,466_C
VAL DE LOUYRE ET CAUDEAU,24,467_C
LAMOTHE-MONTRAVEL,24,468_C
TERRASSON LAVILLEDIEU,24,469_C
SARLAT-LA-CANEDA,24,470_C
ROUFFIGNAC-ST-CERNIN-DE-REILHA,24,471_C
CASTELNAUD-LA-CHAPELLE,24,472_C
BESANCON,25,473_C
GENEUILLE,25,474_C
SAINT VIT,25,475_C
BOUSSIERES,25,476_C
MAMIROLLE,25,477_C
ROCHE LEZ BEAUPRE,25,478_C
MISEREY SALINES,25,479_C
BONNAY,25,480_C
DELUZ,25,481_C
LES AUXONS,25,482_C
BAUME LES DAMES,25,483_C
PONTARLIER,25,484_C
GRANGES NARBOZ,25,485_C
JOUGNE,25,486_C
VILLERS LE LAC,25,487_C
MORTEAU,25,488_C
LES HOPITAUX NEUFS,25,489_C
ROCHEJEAN,25,490_C
ORNANS,25,491_C
DOUBS,25,492_C
VALDAHON,25,493_C
LA CLUSE ET MIJOUX,25,494_C
METABIEF,25,495_C
ETALANS,25,496_C
MONTLEBON,25,497_C
MOUTHE,25,498_C
LES FOURGS,25,499_C
CHARQUEMONT,25,500_C
AUDINCOURT,25,501_C
SELONCOURT,25,502_C
HERIMONCOURT,25,503_C
MONTBELIARD,25,504_C
ROMANS-SUR-ISERE,26,505_C
VALENCE,26,506_C
MORAS-EN-VALLOIRE,26,507_C
MONTELIMAR,26,508_C
BOURG-DE-PEAGE,26,509_C
MONTBOUCHER-SUR-JABRON,26,510_C
BOURG LES VALENCE,26,511_C
CHABEUIL,26,512_C
CREST,26,513_C
DONZERE,26,514_C
SAINT-RAMBERT-D ALBON,26,515_C
DIEULEFIT,26,516_C
TULETTE,26,517_C
BEAUVALLON,26,518_C
MIRABEL-AUX-BARONNIES,26,519_C
LORIOL SUR DROME,26,520_C
PIERRELATTE,26,521_C
SAINT-PAUL-TROIS-CHATEAUX,26,522_C
MONTELIER,26,523_C
LIVRON SUR DROME,26,524_C
PORTES LES VALENCE,26,525_C
NYONS,26,526_C
SAUZET,26,527_C
SAINT-DONAT-SUR-L HERBASSE,26,528_C
ANCONE,26,529_C
SAINT-PANTALEON-LES-VIGNES,26,530_C
SAINT-AGNAN-EN-VERCORS,26,531_C
LA ROCHE DE GLUN,26,532_C
MOURS-SAINT-EUSEBE,26,533_C
SAINT VALLIER,26,534_C
PONT DE L ISERE,26,535_C
MERCUROL-VEAUNES,26,536_C
TAIN L HERMITAGE,26,537_C
BEAUMONT LES VALENCE,26,538_C
MONTSEGUR-SUR-LAUZON,26,539_C
PONSAS,26,540_C
GRAVIGNY,27,541_C
RUGLES,27,542_C
EZY SUR EURE,27,543_C
EVREUX,27,544_C
PACY-SUR-EURE,27,545_C
BUEIL,27,546_C
VERNON,27,547_C
ST MARCEL,27,548_C
CONCHES EN OUCHE,27,549_C
VERNEUIL D'AVRE ET D'ITON,27,550_C
GISORS,27,551_C
LES ANDELYS,27,552_C
LA TRINITE DE REVILLE,27,553_C
BEAUMONT LE ROGER,27,554_C
BERNAY,27,555_C
GAILLON,27,556_C
CHARTRES,28,557_C
GALLARDON,28,558_C
LE COUDRAY,28,559_C
EPERNON,28,560_C
MAINVILLIERS,28,561_C
TOURY,28,562_C
HANCHES,28,563_C
LEVES,28,564_C
GASVILLE OISEME,28,565_C
MAINTENON,28,566_C
LUCE,28,567_C
CHARTAINVILLIERS,28,568_C
ST PREST,28,569_C
GAS,28,570_C
AUNEAU-BLEURY-SAINT-SYMPHORIEN,28,571_C
LUISANT,28,572_C
JOUY,28,573_C
COURVILLE SUR EURE,28,574_C
CHATEAUDUN,28,575_C
ST DENIS-LANNERAY,28,576_C
DREUX,28,577_C
VERNOUILLET,28,578_C
LORMAYE,28,579_C
NOGENT-LE-ROI,28,580_C
ANET,28,581_C
CHAUDON,28,582_C
ST LUBIN DES JONCHERETS,28,583_C
CHATEAUNEUF EN THYMERAIS,28,584_C
ST REMY SUR AVRE,28,585_C
COULOMBS,28,586_C
NOGENT LE ROTROU,28,587_C
QUIMPER,29,588_C
DOUARNENEZ,29,589_C
QUIMPERLE,29,590_C
CONCARNEAU,29,591_C
PONT-AVEN,29,592_C
CLOHARS CARNOET,29,593_C
BREST,29,594_C
SAINT RENAN,29,595_C
DIRINON,29,596_C
LANDERNEAU,29,597_C
PLOUGASTEL-DAOULAS,29,598_C
CAMARET-SUR-MER,29,599_C
CROZON,29,600_C
SAINT-NIC,29,601_C
MORLAIX,29,602_C
LANDIVISIAU,29,603_C
CARANTEC,29,604_C
SAINT-MARTIN-DES-CHAMPS,29,605_C
PLOUGASNOU,29,606_C
ROSCOFF,29,607_C
PORTO-VECCHIO,2A,608_C
AJACCIO,2A,609_C
PROPRIANO,2A,610_C
SARTENE,2A,611_C
ZONZA,2A,612_C
BONIFACIO,2A,613_C
GROSSETO-PRUGNA,2A,614_C
LECCI,2A,615_C
ARBELLARA,2A,616_C
PIETROSELLA,2A,617_C
VICO,2A,618_C
CASAGLIONE,2A,619_C
SARROLA-CARCOPINO,2A,620_C
ARGIUSTA-MORICCIO,2A,621_C
ALBITRECCIA,2A,622_C
SERRA-DI-FERRO,2A,623_C
CAURO,2A,624_C
PALNECA,2A,625_C
APPIETTO,2A,626_C
CALCATOGGIO,2A,627_C
PIANOTTOLI-CALDARELLO,2A,628_C
OTA,2A,629_C
BELVEDERE-CAMPOMORO,2A,630_C
SOTTA,2A,631_C
SARI-SOLENZARA,2A,632_C
OLMETO,2A,633_C
COTI-CHIAVARI,2A,634_C
CASALABRIVA,2A,635_C
TAVERA,2A,636_C
QUENZA,2A,637_C
BASTELICACCIA,2A,638_C
PIANA,2A,639_C
COGGIA,2A,640_C
FRASSETO,2A,641_C
CUTTOLI-CORTICCHIATO,2A,642_C
SANTA-MARIA-SICHE,2A,643_C
VIGGIANELLO,2A,644_C
AREGNO,2B,645_C
L'ILE ROUSSE,2B,646_C
CERVIONE,2B,647_C
OLETTA,2B,648_C
LE GRAU DU ROI,30,649_C
AIGUES-MORTES,30,650_C
NIMES,30,651_C
CALVISSON,30,652_C
DURFORT-ET-SAINT-MARTIN-DE-,30,653_C
VAUVERT,30,654_C
CAISSARGUES,30,655_C
MILHAUD,30,656_C
CLARENSAC,30,657_C
BOUILLARGUES,30,658_C
GARONS,30,659_C
SOMMIERES,30,660_C
SAINT ANDRE DE VALBORGNE,30,661_C
GALLARGUES-LE-MONTUEUX,30,662_C
BERNIS,30,663_C
AIGUES-VIVES,30,664_C
SAINT-DIONISY,30,665_C
GARRIGUES SAINTE EULALIE,30,666_C
SAUVE,30,667_C
LA CALMETTE,30,668_C
LASALLE,30,669_C
SAINT-LAURENT-D AIGOUZE,30,670_C
AUBORD,30,671_C
AIMARGUES,30,672_C
RODILHAN,30,673_C
SARDAN,30,674_C
CODOGNAN,30,675_C
ARRIGAS,30,676_C
QUISSAC,30,677_C
SAINT-GENIES-DE-MALGOIRES,30,678_C
CAVEIRAC,30,679_C
LE VIGAN,30,680_C
SUMENE,30,681_C
ST HIPPOLYTE DU FORT,30,682_C
UZES,30,683_C
GENERAC,30,684_C
LAUDUN-L ARDOISE,30,685_C
BELLEGARDE,30,686_C
BEAUCAIRE,30,687_C
VILLENEUVE LES AVIGNON,30,688_C
SAINT-NAZAIRE,30,689_C
MARGUERITTES,30,690_C
MEYNES,30,691_C
ROCHEFORT-DU-GARD,30,692_C
LES ANGLES,30,693_C
REMOULINS,30,694_C
POULX,30,695_C
PONT ST ESPRIT,30,696_C
ST GILLES,30,697_C
CASTILLON-DU-GARD,30,698_C
SAINT-HILAIRE-D OZILHAN,30,699_C
SAINT-PAULET-DE-CAISSON,30,700_C
SERNHAC,30,701_C
BAGNOLS SUR CEZE,30,702_C
SAZE,30,703_C
MONTAREN-ET-SAINT-MEDIERS,30,704_C
MONTFRIN,30,705_C
ROQUEMAURE,30,706_C
ALES,30,707_C
PORTES,30,708_C
MOLIERES-SUR-CEZE,30,709_C
BESSEGES,30,710_C
SAINT-FLORENT-SUR-AUZONNET,30,711_C
LA GRAND COMBE,30,712_C
ANDUZE,30,713_C
TOULOUSE,31,714_C
CASTELGINEST,31,715_C
FONBEAUZARD,31,716_C
BALMA,31,717_C
DREMIL LAFAGE,31,718_C
L UNION,31,719_C
AUCAMVILLE,31,720_C
FENOUILLET,31,721_C
ROUFFIAC TOLOSAN,31,722_C
GAGNAC SUR GARONNE,31,723_C
RAMONVILLE ST AGNE,31,724_C
ST JEAN,31,725_C
LAUNAGUET,31,726_C
FLOURENS,31,727_C
TOURNEFEUILLE,31,728_C
COLOMIERS,31,729_C
BLAGNAC,31,730_C
VILLEMUR SUR TARN,31,731_C
AUSSONNE,31,732_C
CUGNAUX,31,733_C
GRENADE SUR GARONNE,31,734_C
LA SALVETAT ST GILLES,31,735_C
MONDONVILLE,31,736_C
FRONTON,31,737_C
BEAUZELLE,31,738_C
BESSIERES,31,739_C
CASTANET TOLOSAN,31,740_C
VILLEFRANCHE-DE-LAURAGAIS,31,741_C
NAILLOUX,31,742_C
LABEGE,31,743_C
REVEL,31,744_C
ST ORENS DE GAMEVILLE,31,745_C
LANTA,31,746_C
LACROIX FALGARDE,31,747_C
AUZEVILLE-TOLOSANE,31,748_C
ESCALQUENS,31,749_C
MONTASTRUC LA CONSEILLERE,31,750_C
POMPERTUZAT,31,751_C
BAZIEGE,31,752_C
FROUZINS,31,753_C
AUCH,32,754_C
CONDOM,32,755_C
CAZAUBON,32,756_C
GIMONT,32,757_C
L ISLE JOURDAIN,32,758_C
BORDEAUX,33,759_C
SAINT AUBIN DE MEDOC,33,760_C
PAREMPUYRE,33,761_C
SAINT MEDARD EN JALLES,33,762_C
BRUGES,33,763_C
LACANAU,33,764_C
LE BOUSCAT,33,765_C
LE HAILLAN,33,766_C
EYSINES,33,767_C
LUDON MEDOC,33,768_C
MOULIS-EN-MEDOC,33,769_C
LE TAILLAN MEDOC,33,770_C
CASTELNAU-DE-MEDOC,33,771_C
BLANQUEFORT,33,772_C
MARGAUX CANTENAC,33,773_C
BEGLES,33,774_C
MERIGNAC,33,775_C
GRADIGNAN,33,776_C
TALENCE,33,777_C
PESSAC,33,778_C
VILLENAVE D ORNON,33,779_C
SAINT JEAN D ILLAC,33,780_C
MARTIGNAS SUR JALLE,33,781_C
CANEJAN,33,782_C
CESTAS,33,783_C
CADILLAC,33,784_C
BIGANOS,33,785_C
ARCACHON,33,786_C
CARBON BLANC,33,787_C
CADAUJAC,33,788_C
LA TESTE-DE-BUCH,33,789_C
GUJAN MESTRAS,33,790_C
CENON,33,791_C
FLOIRAC,33,792_C
TOULENNE,33,793_C
ANDERNOS-LES-BAINS,33,794_C
LORMONT,33,795_C
ARTIGUES-PRES-BORDEAUX,33,796_C
PAILLET,33,797_C
LEGE-CAP-FERRET,33,798_C
LE TEICH,33,799_C
ST SULPICE ET CAMEYRAC,33,800_C
CREON,33,801_C
SALLES,33,802_C
TRESSES,33,803_C
SAINT GERVAIS,33,804_C
ARES,33,805_C
FARGUES SAINT HILAIRE,33,806_C
LANGON,33,807_C
LEOGNAN,33,808_C
PREIGNAC,33,809_C
ST LOUIS DE MONTFERRAND,33,810_C
LATRESNE,33,811_C
AUDENGE,33,812_C
HAUX,33,813_C
AMBARES-ET-LAGRAVE,33,814_C
ST CAPRAIS DE BORDEAUX,33,815_C
LANTON,33,816_C
BARSAC,33,817_C
LE BARP,33,818_C
BASSENS,33,819_C
LANGOIRAN,33,820_C
YVRAC,33,821_C
MONTUSSAN,33,822_C
BAZAS,33,823_C
SAINT-ANDRE-DE-CUBZAC,33,824_C
CARIGNAN-DE-BORDEAUX,33,825_C
MIOS,33,826_C
LE TOURNE,33,827_C
MARCHEPRIME,33,828_C
CASTRES GIRONDE,33,829_C
LESTIAC-SUR-GARONNE,33,830_C
LA BREDE,33,831_C
SAINT LOUBES,33,832_C
SAINTE EULALIE,33,833_C
GRIGNOLS,33,834_C
GENISSAC,33,835_C
LIBOURNE,33,836_C
CASTILLON-LA-BATAILLE,33,837_C
BLAYE,33,838_C
PINEUILH,33,839_C
SAINT-YZAN-DE-SOUDIAC,33,840_C
SAINT-QUENTIN-DE-BARON,33,841_C
SAINT-SAVIN,33,842_C
COUTRAS,33,843_C
ST-SEURIN-SUR-L ISLE,33,844_C
SAINTE-FOY-LA-GRANDE,33,845_C
SAINT-CIERS-SUR-GIRONDE,33,846_C
VAYRES,33,847_C
LA REOLE,33,848_C
SAINT-MACAIRE,33,849_C
SAUVETERRE-DE-GUYENNE,33,850_C
CARCANS,33,851_C
SOULAC-SUR-MER,33,852_C
HOURTIN,33,853_C
SAINT LAURENT MEDOC,33,854_C
LE VERDON SUR MER,33,855_C
LESPARRE-MEDOC,33,856_C
VERTHEUIL,33,857_C
SAINT-VIVIEN-DE-MEDOC,33,858_C
MONTPELLIER,34,859_C
PALAVAS-LES-FLOTS,34,860_C
MAUGUIO,34,861_C
JUVIGNAC,34,862_C
PEROLS,34,863_C
LE CRES,34,864_C
LA GRANDE MOTTE,34,865_C
CASTELNAU LE LEZ,34,866_C
LATTES,34,867_C
SAINT-AUNES,34,868_C
SAINT-JEAN-DE-VEDAS,34,869_C
GRABELS,34,870_C
FRONTIGNAN,34,871_C
SETE,34,872_C
VIC-LA-GARDIOLE,34,873_C
BOUZIGUES,34,874_C
BALARUC LES BAINS,34,875_C
VENDARGUES,34,876_C
GANGES,34,877_C
LUNEL,34,878_C
CLERMONT L HERAULT,34,879_C
SAINT-GELY-DU-FESC,34,880_C
MEZE,34,881_C
SUSSARGUES,34,882_C
MARSILLARGUES,34,883_C
GIGEAN,34,884_C
JACOU,34,885_C
MAS-DE-LONDRES,34,886_C
SAINT CLEMENT DE RIVIERE,34,887_C
CASTRIES,34,888_C
BAILLARGUES,34,889_C
POUSSAN,34,890_C
LAROQUE,34,891_C
MONTBAZIN,34,892_C
PRADES-LE-LEZ,34,893_C
BEAULIEU,34,894_C
BALARUC LE VIEUX,34,895_C
SAINT-SERIES,34,896_C
VILLENEUVE-LES-MAGUELONE,34,897_C
SAINT-BRES,34,898_C
PLAISSAN,34,899_C
LODEVE,34,900_C
SAINT-FELIX-DE-LODEZ,34,901_C
LOUPIAN,34,902_C
CAZILHAC,34,903_C
SAINT PAUL ET VALMALLE,34,904_C
SAINT-ANDRE-DE-SANGONIS,34,905_C
POUZOLS,34,906_C
ASSAS,34,907_C
ENTRE-VIGNES,34,908_C
NEBIAN,34,909_C
SAINT-DREZERY,34,910_C
GIGNAC,34,911_C
MONTPEYROUX,34,912_C
MONTARNAUD,34,913_C
VALRAS-PLAGE,34,914_C
CESSERAS,34,915_C
BEZIERS,34,916_C
SERIGNAN,34,917_C
AGDE,34,918_C
PEZENAS,34,919_C
MARSEILLAN,34,920_C
BEDARIEUX,34,921_C
VENDRES,34,922_C
VIAS,34,923_C
PUISSERGUIER,34,924_C
CAUX,34,925_C
MONTADY,34,926_C
LAMALOU-LES-BAINS,34,927_C
BOUJAN-SUR-LIBRON,34,928_C
PORTIRAGNES,34,929_C
POMEROLS,34,930_C
PACE,35,931_C
BOURGBARRE,35,932_C
RENNES,35,933_C
BETTON,35,934_C
CESSON-SEVIGNE,35,935_C
NOYAL-CHATILLON-SUR-SEICHE,35,936_C
CHANTEPIE,35,937_C
VEZIN-LE-COQUET,35,938_C
BRUZ,35,939_C
CHARTRES-DE-BRETAGNE,35,940_C
ST JACQUES DE LA LANDE,35,941_C
SAINT-GREGOIRE,35,942_C
VERN-SUR-SEICHE,35,943_C
LA CHAPELLE DES FOUGERETZ,35,944_C
PONT-PEAN,35,945_C
ACIGNE,35,946_C
PARTHENAY-DE-BRETAGNE,35,947_C
ORGERES,35,948_C
MELESSE,35,949_C
CHAVAGNE,35,950_C
IRODOUER,35,951_C
SAINT-AUBIN-D AUBIGNE,35,952_C
BREAL-SOUS-MONTFORT,35,953_C
MORDELLES,35,954_C
MONTAUBAN-DE-BRETAGNE,35,955_C
LIFFRE,35,956_C
CHATEAUGIRON,35,957_C
LE RHEU,35,958_C
BRETEIL,35,959_C
NOUVOITOU,35,960_C
BEDEE,35,961_C
JANZE,35,962_C
THORIGNE-FOUILLARD,35,963_C
SAINT-MEEN-LE-GRAND,35,964_C
MONTFORT-SUR-MEU,35,965_C
L'HERMITAGE,35,966_C
HEDE-BAZOUGES,35,967_C
LA MEZIERE,35,968_C
SAINT-ARMEL,35,969_C
SENS-DE-BRETAGNE,35,970_C
MONTREUIL-SUR-ILLE,35,971_C
GOVEN,35,972_C
REDON,35,973_C
BAIN-DE-BRETAGNE,35,974_C
LA CHAPELLE BOUEXIC,35,975_C
GUICHEN,35,976_C
POLIGNE,35,977_C
BOURG-DES-COMPTES,35,978_C
SAINT-MALO,35,979_C
DINARD,35,980_C
PLEUGUENEUC,35,981_C
SAINT-LUNAIRE,35,982_C
CANCALE,35,983_C
PLEURTUIT,35,984_C
DOL DE BRETAGNE,35,985_C
SAINT-BRIAC-SUR-MER,35,986_C
MINIAC-MORVAN,35,987_C
LA GOUESNIERE,35,988_C
LA RICHARDAIS,35,989_C
SAINT-DOMINEUC,35,990_C
LE TRONCHET,35,991_C
ROZ-SUR-COUESNON,35,992_C
SAINT-MELOIR-DES-ONDES,35,993_C
SAINT-JOUAN-DES-GUERETS,35,994_C
DOMAGNE,35,995_C
LA GUERCHE-DE-BRETAGNE,35,996_C
VITRE,35,997_C
CHATEAUBOURG,35,998_C
RETIERS,35,999_C
VAL-D'IZE,35,1000_C
CHATEAUROUX,36,1001_C
LA CHATRE,36,1002_C
JOUE LES TOURS,37,1003_C
TOURS,37,1004_C
LA RICHE,37,1005_C
MONTLOUIS-SUR-LOIRE,37,1006_C
SAINT-PIERRE-DES-CORPS,37,1007_C
SAINT AVERTIN,37,1008_C
FONDETTES,37,1009_C
SAINT CYR SUR LOIRE,37,1010_C
NOTRE-DAME-D OE,37,1011_C
ROCHECORBON,37,1012_C
LA MEMBROLLE-SUR-CHOISILLE,37,1013_C
BALLAN MIRE,37,1014_C
CHAMBRAY LES TOURS,37,1015_C
AMBOISE,37,1016_C
RICHELIEU,37,1017_C
BOURGUEIL,37,1018_C
LOCHES,37,1019_C
DESCARTES,37,1020_C
GRENOBLE,38,1021_C
SAINT-MARTIN-D'HERES,38,1022_C
GIERES,38,1023_C
LA TRONCHE,38,1024_C
MEYLAN,38,1025_C
MONTBONNOT-SAINT-MARTIN,38,1026_C
ECHIROLLES,38,1027_C
SAINT-NAZAIRE-LES-EYMES,38,1028_C
BIVIERS,38,1029_C
SAINT-ISMIER,38,1030_C
EYBENS,38,1031_C
POISAT,38,1032_C
CORENC,38,1033_C
LA TERRASSE,38,1034_C
VOIRON,38,1035_C
DOMENE,38,1036_C
FROGES,38,1037_C
PONTCHARRA,38,1038_C
VIZILLE,38,1039_C
SAINT-EGREVE,38,1040_C
FONTANIL-CORNILLON,38,1041_C
CRETS EN BELLEDONNE,38,1042_C
SAINT-MARTIN-LE-VINOUX,38,1043_C
TENCIN,38,1044_C
ALLEVARD,38,1045_C
VILLARD-BONNOT,38,1046_C
LE HAUT-BREDA,38,1047_C
SAINT-MARTIN-D'URIAGE,38,1048_C
VOREPPE,38,1049_C
CHAMROUSSE,38,1050_C
LA BUISSE,38,1051_C
NOTRE-DAME-DE-MESAGE,38,1052_C
SAINT-PIERRE-DE-CHARTREUSE,38,1053_C
BRIE-ET-ANGONNES,38,1054_C
GONCELIN,38,1055_C
VAULNAVEYS-LE-BAS,38,1056_C
LES ADRETS,38,1057_C
LE VERSOUD,38,1058_C
LE CHEYLAS,38,1059_C
SAINT-ETIENNE-DE-CROSSEY,38,1060_C
CROLLES,38,1061_C
GRESSE-EN-VERCORS,38,1062_C
HUEZ,38,1063_C
LES DEUX ALPES,38,1064_C
SASSENAGE,38,1065_C
AUTRANS-MEAUDRE EN VERCORS,38,1066_C
SEYSSINET-PARISET,38,1067_C
VILLARD-DE-LANS,38,1068_C
FONTAINE,38,1069_C
VAUJANY,38,1070_C
CORRENCON-EN-VERCORS,38,1071_C
LE PONT-DE-CLAIX,38,1072_C
CLAIX,38,1073_C
CORPS,38,1074_C
LE BOURG-D'OISANS,38,1075_C
BESSE,38,1076_C
AURIS,38,1077_C
LANS-EN-VERCORS,38,1078_C
LE GUA,38,1079_C
SAINT-CLAIR-DE-LA-TOUR,38,1080_C
BOURGOIN-JALLIEU,38,1081_C
VILLEFONTAINE,38,1082_C
SAINT-JUST-CHALEYSSIN,38,1083_C
L'ISLE-D'ABEAU,38,1084_C
LA VERPILLIERE,38,1085_C
ANTHON,38,1086_C
PONT-DE-CHERUY,38,1087_C
RIVES,38,1088_C
SAINT-ETIENNE-DE-SAINT-GEOIRS,38,1089_C
SAINT-MARCELLIN,38,1090_C
SAINT-JEAN-DE-MOIRANS,38,1091_C
TULLINS,38,1092_C
VINAY,38,1093_C
MOIRANS,38,1094_C
BEAUCROISSANT,38,1095_C
SAINT-GEOIRS,38,1096_C
ROYBON,38,1097_C
IZEAUX,38,1098_C
LES ROUSSES,39,1099_C
SAINT-CLAUDE,39,1100_C
DOLE,39,1101_C
CHAMPAGNOLE,39,1102_C
ARBOIS,39,1103_C
TAVAUX,39,1104_C
HAUTS DE BIENNE,39,1105_C
SAMPANS,39,1106_C
LONS LE SAUNIER,39,1107_C
SEPTMONCEL LES MOLUNES,39,1108_C
BOIS-D AMONT,39,1109_C
PREMANON,39,1110_C
POLIGNY,39,1111_C
PERRIGNY,39,1112_C
MONTMOROT,39,1113_C
OFFLANGES,39,1114_C
LAVANS-LES-SAINT-CLAUDE,39,1115_C
SALINS LES BAINS,39,1116_C
MOIRANS-EN-MONTAGNE,39,1117_C
CLAIRVAUX-LES-LACS,39,1118_C
BELLEFONTAINE,39,1119_C
RAVILLOLES,39,1120_C
ST-JULIEN-EN-BORN,40,1121_C
DAX,40,1122_C
ST-VINCENT-DE-TYROSSE,40,1123_C
TOSSE,40,1124_C
SAINT-PIERRE-DU-MONT,40,1125_C
MOLIETS-ET-MAA,40,1126_C
PEYREHORADE,40,1127_C
SEIGNOSSE,40,1128_C
MONT-DE-MARSAN,40,1129_C
TARNOS,40,1130_C
SOORTS-HOSSEGOR,40,1131_C
ST-GEOURS-MAREMNE,40,1132_C
SANGUINET,40,1133_C
VIELLE-ST-GIRONS,40,1134_C
VIEUX BOUCAU-LES-BAINS,40,1135_C
LIT ET MIXE,40,1136_C
BISCARROSSE,40,1137_C
ST-PAUL-LES-DAX,40,1138_C
CAPBRETON,40,1139_C
LABENNE,40,1140_C
SOUSTONS,40,1141_C
ONDRES,40,1142_C
MONTGAILLARD,40,1143_C
AIRE-SUR-L'ADOUR,40,1144_C
ST-MARTIN-DE-SEIGNANX,40,1145_C
ANGRESSE,40,1146_C
MIMIZAN,40,1147_C
HAGETMAU,40,1148_C
ORIST,40,1149_C
LEON,40,1150_C
ST-MARTIN-DE-HINX,40,1151_C
BIAS,40,1152_C
POYANNE,40,1153_C
ST-VINCENT-DE-PAUL,40,1154_C
RION-DES-LANDES,40,1155_C
TARTAS,40,1156_C
AUREILHAN,40,1157_C
SAINT-SEVER,40,1158_C
PARENTIS EN BORN,40,1159_C
BENESSE-MAREMNE,40,1160_C
VENDOME,41,1161_C
BLOIS,41,1162_C
MONTRICHARD VAL DE CHER,41,1163_C
MAROLLES,41,1164_C
ROMORANTIN-LANTHENAY,41,1165_C
VINEUIL,41,1166_C
LA CHAUSSEE SAINT VICTOR,41,1167_C
VILLEBAROU,41,1168_C
SAINT-ETIENNE,42,1169_C
SAINT-JEAN-BONNEFONDS,42,1170_C
LA TALAUDIERE,42,1171_C
SAINT GENEST LERPT,42,1172_C
GENILAC,42,1173_C
FIRMINY,42,1174_C
SAINT-PAUL-EN-JAREZ,42,1175_C
SAINT-CHAMOND,42,1176_C
LA RICAMARIE,42,1177_C
ROCHE-LA-MOLIERE,42,1178_C
LA GRAND-CROIX,42,1179_C
SAINT-JOSEPH,42,1180_C
SAINT-PRIEST-EN-JAREZ,42,1181_C
PELUSSIN,42,1182_C
LA FOUILLOUSE,42,1183_C
L ETRAT,42,1184_C
VILLARS,42,1185_C
LORETTE,42,1186_C
LE CHAMBON-FEUGEROLLES,42,1187_C
FRAISSES,42,1188_C
SORBIERS,42,1189_C
CHAVANAY,42,1190_C
RIVE-DE-GIER,42,1191_C
FARNAY,42,1192_C
SAINT-PAUL-EN-CORNILLON,42,1193_C
UNIEUX,42,1194_C
L HORME,42,1195_C
SAVIGNEUX,42,1196_C
SAINT-MARCELLIN-EN-FOREZ,42,1197_C
ANDREZIEUX-BOUTHEON,42,1198_C
CHAZELLES SUR LYON,42,1199_C
BOEN-SUR-LIGNON,42,1200_C
MONTBRISON,42,1201_C
VEAUCHE,42,1202_C
MONTROND-LES-BAINS,42,1203_C
SAINT-JUST-SAINT-RAMBERT,42,1204_C
SAINT-GALMIER,42,1205_C
FEURS,42,1206_C
SAINT-ROMAIN-LE-PUY,42,1207_C
SAINT-BONNET-LE-CHATEAU,42,1208_C
SOLEYMIEUX,42,1209_C
CHALMAZEL-JEANSAGNIERE,42,1210_C
PRECIEUX,42,1211_C
ROANNE,42,1212_C
CHARLIEU,42,1213_C
VILLEREST,42,1214_C
SAINT-JUST-EN-CHEVALET,42,1215_C
RIORGES,42,1216_C
NEULISE,42,1217_C
LE COTEAU,42,1218_C
MABLY,42,1219_C
BALBIGNY,42,1220_C
PERREUX,42,1221_C
BRIENNON,42,1222_C
SAINT-HAON-LE-CHATEL,42,1223_C
LE PUY EN VELAY,43,1224_C
SAINTE-SIGOLENE,43,1225_C
SEAUVE-SUR-SEMENE (LA),43,1226_C
SAINT-PAL-DE-MONS,43,1227_C
LE CHAMBON SUR LIGNON,43,1228_C
LANGEAC,43,1229_C
ESPALY-SAINT-MARCEL,43,1230_C
SAINT-DIDIER-EN-VELAY,43,1231_C
BRIVES-CHARENSAC,43,1232_C
AUREC-SUR-LOIRE,43,1233_C
ARAULES,43,1234_C
VIEILLE-BRIOUDE,43,1235_C
PONT-SALOMON,43,1236_C
BRIOUDE,43,1237_C
YSSINGEAUX,43,1238_C
BEAUZAC,43,1239_C
SAINT JUST MALMONT,43,1240_C
NANTES,44,1241_C
ST SEBASTIEN SUR LOIRE,44,1242_C
ST-HERBLAIN,44,1243_C
INDRE,44,1244_C
THOUARE-SUR-LOIRE,44,1245_C
CHAPELLE-SUR-ERDRE (LA),44,1246_C
REZE,44,1247_C
BOUGUENAIS,44,1248_C
SUCE-SUR-ERDRE,44,1249_C
ST-PHILBERT-DE-GRAND-LIEU,44,1250_C
BASSE-GOULAINE,44,1251_C
TREILLIERES,44,1252_C
LIGNE,44,1253_C
SORINIERES (LES),44,1254_C
AIGREFEUILLE SUR MAINE,44,1255_C
CARQUEFOU,44,1256_C
MACHECOUL-SAINT-MEME,44,1257_C
SAINTE-LUCE-SUR-LOIRE,44,1258_C
MOUZEIL,44,1259_C
HAIE-FOUASSIERE (LA),44,1260_C
ORVAULT,44,1261_C
VERTOU,44,1262_C
ANCENIS-SAINT-GEREON,44,1263_C
MAISDON-SUR-SEVRE,44,1264_C
CLISSON,44,1265_C
SAINT-JULIEN-DE-CONCELLES,44,1266_C
BOUAYE,44,1267_C
PONT-SAINT-MARTIN,44,1268_C
GRANDCHAMP-DES-FONTAINES,44,1269_C
LOROUX-BOTTEREAU (LE),44,1270_C
RIAILLE,44,1271_C
LOIREAUXENCE,44,1272_C
SAUTRON,44,1273_C
CHAPELLE-HEULIN (LA),44,1274_C
LA BERNERIE EN RETZ,44,1275_C
SAINT BREVIN LES PINS,44,1276_C
PORNIC,44,1277_C
SAINT-MICHEL-CHEF-CHEF,44,1278_C
LA PLAINE-SUR-MER,44,1279_C
SAINTE PAZANNE,44,1280_C
SAINT-PERE-EN-RETZ,44,1281_C
LA MONTAGNE,44,1282_C
PELLERIN (LE),44,1283_C
PAIMBOEUF,44,1284_C
PREFAILLES,44,1285_C
PORNICHET,44,1286_C
SAINT-NAZAIRE,44,1287_C
COUERON,44,1288_C
BESNE,44,1289_C
BLAIN,44,1290_C
TRIGNAC,44,1291_C
MISSILLAC,44,1292_C
MONTOIR-DE-BRETAGNE,44,1293_C
SAINT-ETIENNE-DE-MONTLUC,44,1294_C
SAVENAY,44,1295_C
GUEMENE PENFAO,44,1296_C
SAINT-MALO-DE-GUERSAC,44,1297_C
SAINTE-REINE-DE-BRETAGNE,44,1298_C
LE TEMPLE DE BRETAGNE,44,1299_C
SAINT-NICOLAS-DE-REDON,44,1300_C
DONGES,44,1301_C
CAMPBON,44,1302_C
VIGNEUX DE BRETAGNE,44,1303_C
LE POULIGUEN,44,1304_C
GUERANDE,44,1305_C
LA TURBALLE,44,1306_C
BATZ-SUR-MER,44,1307_C
LA BAULE-ESCOUBLAC,44,1308_C
MESQUER,44,1309_C
LE CROISIC,44,1310_C
SAINT-ANDRE-DES-EAUX,44,1311_C
PIRIAC-SUR-MER,44,1312_C
SAINT MOLF,44,1313_C
NORT SUR ERDRE,44,1314_C
CHATEAUBRIANT,44,1315_C
ST JEAN DE BRAYE,45,1316_C
ORLEANS,45,1317_C
OLIVET,45,1318_C
LA CHAPELLE ST MESMIN,45,1319_C
ST JEAN DE LA RUELLE,45,1320_C
SAINT-JEAN-LE-BLANC,45,1321_C
CHANTEAU,45,1322_C
SAINT-HILAIRE-SAINT-MESMIN,45,1323_C
FLEURY LES AUBRAIS,45,1324_C
INGRE,45,1325_C
SEMOY,45,1326_C
SAINT-PRYVE-SAINT-MESMIN,45,1327_C
SARAN,45,1328_C
SAINT-DENIS-EN-VAL,45,1329_C
CHECY,45,1330_C
BOULAY-LES-BARRES,45,1331_C
BEAUGENCY,45,1332_C
ARDON,45,1333_C
LA FERTE SAINT-AUBIN,45,1334_C
NEUVILLE-AUX-BOIS,45,1335_C
LAILLY EN VAL,45,1336_C
CHATEAUNEUF S LOIRE,45,1337_C
JARGEAU,45,1338_C
SANDILLON,45,1339_C
MEUNG-SUR-LOIRE,45,1340_C
PATAY,45,1341_C
MONTARGIS,45,1342_C
CHALETTE-SUR-LOING,45,1343_C
SAINT-HILAIRE-LES-ANDRESIS,45,1344_C
AMILLY,45,1345_C
CEPOY,45,1346_C
PUISEAUX,45,1347_C
LE MALESHERBOIS,45,1348_C
PITHIVIERS,45,1349_C
BEAUNE-LA-ROLANDE,45,1350_C
GIEN,45,1351_C
SULLY-SUR-LOIRE,45,1352_C
BRIARE,45,1353_C
CAHORS,46,1354_C
LE PASSAGE,47,1355_C
AGEN,47,1356_C
LAYRAC,47,1357_C
LAFOX,47,1358_C
CASTELJALOUX,47,1359_C
BOE,47,1360_C
COLAYRAC ST CIRQ,47,1361_C
NERAC,47,1362_C
AIGUILLON,47,1363_C
MARMANDE,47,1364_C
TONNEINS,47,1365_C
VILLENEUVE SUR LOT,47,1366_C
VILLEREAL,47,1367_C
FUMEL,47,1368_C
MONFLANQUIN,47,1369_C
CASTELNAUD DE GRATECAMBE,47,1370_C
MENDE,48,1371_C
LANGOGNE,48,1372_C
MEYRUEIS,48,1373_C
MARVEJOLS,48,1374_C
MONT LOZERE ET GOULET,48,1375_C
VILLEFORT,48,1376_C
PEYRE EN AUBRAC,48,1377_C
ANGERS,49,1378_C
LES PONTS DE CE,49,1379_C
TIERCE,49,1380_C
SAINT-BARTHELEMY-D ANJOU,49,1381_C
MURS-ERIGNE,49,1382_C
TRELAZE,49,1383_C
STE GEMMES SUR LOIRE,49,1384_C
CHEFFES,49,1385_C
VERRIERES-EN-ANJOU,49,1386_C
RIVES-DU-LOIR-EN-ANJOU,49,1387_C
BRISSAC LOIRE AUBANCE,49,1388_C
AVRILLE,49,1389_C
SAINT-GEORGES-SUR-LOIRE,49,1390_C
BOUCHEMAINE,49,1391_C
MONTREUIL-JUIGNE,49,1392_C
CHOLET,49,1393_C
CHEMILLE-EN-ANJOU,49,1394_C
TREMENTINES,49,1395_C
BEAUPREAU-EN-MAUGES,49,1396_C
LA TESSOUALLE,49,1397_C
SAUMUR,49,1398_C
FONTEVRAUD L ABBAYE,49,1399_C
MAZE-MILON,49,1400_C
SEGRE-EN-ANJOU BLEU,49,1401_C
AGNEAUX,50,1402_C
SAINT-LO,50,1403_C
MOON-SUR-ELLE,50,1404_C
CARENTAN LES MARAIS,50,1405_C
GRANVILLE,50,1406_C
AVRANCHES,50,1407_C
GRANDPARIGNY,50,1408_C
DONVILLE-LES-BAINS,50,1409_C
SAINT-HILAIRE-DU-HARCOUET,50,1410_C
BRECEY,50,1411_C
JULLOUVILLE,50,1412_C
PONTORSON,50,1413_C
CHERBOURG-EN-COTENTIN,50,1414_C
COUTANCES,50,1415_C
SAINT-GERMAIN-SUR-AY,50,1416_C
GAVRAY-SUR-SIENNE,50,1417_C
GOUVILLE-SUR-MER,50,1418_C
AGON-COUTAINVILLE,50,1419_C
PIROU,50,1420_C
PERIERS,50,1421_C
LESSAY,50,1422_C
LA HAYE,50,1423_C
BARNEVILLE-CARTERET,50,1424_C
SAINT-VAAST-LA-HOUGUE,50,1425_C
BAUBIGNY,50,1426_C
VALOGNES,50,1427_C
PORT-BAIL-SUR-MER,50,1428_C
CHALONS EN CHAMPAGNE,51,1429_C
SAINT-MEMMIE,51,1430_C
SAINTE MENEHOULD,51,1431_C
BLACY,51,1432_C
VITRY LE FRANCOIS,51,1433_C
FRIGNICOURT,51,1434_C
EPERNAY,51,1435_C
DORMANS,51,1436_C
VINAY,51,1437_C
CRAMANT,51,1438_C
AVIZE,51,1439_C
MAREUIL-LE-PORT,51,1440_C
REIMS,51,1441_C
TINQUEUX,51,1442_C
DIZY,51,1443_C
AY-CHAMPAGNE,51,1444_C
CORMONTREUIL,51,1445_C
SAINT BRICE COURCELLES,51,1446_C
CHIGNY-LES-ROSES,51,1447_C
SILLERY,51,1448_C
BETHENY,51,1449_C
BEZANNES,51,1450_C
FISMES,51,1451_C
WITRY-LES-REIMS,51,1452_C
MAGENTA,51,1453_C
AVENAY-VAL-D'OR,51,1454_C
NOGENT,52,1455_C
CHAUMONT,52,1456_C
LANGRES,52,1457_C
CHATEAU-GONTIER-SUR-MAYENNE,53,1458_C
CONGRIER,53,1459_C
LAVAL,53,1460_C
CHANGE,53,1461_C
ST FRAIMBAULT DE PRIERES,53,1462_C
MAYENNE,53,1463_C
ESSEY LES NANCY,54,1464_C
NANCY,54,1465_C
VANDOEUVRE LES NANCY,54,1466_C
PONT A MOUSSON,54,1467_C
SAINT MAX,54,1468_C
JARVILLE LA MALGRANGE,54,1469_C
MALZEVILLE,54,1470_C
VILLERS LES NANCY,54,1471_C
CHAMPIGNEULLES,54,1472_C
MEREVILLE,54,1473_C
PULNOY,54,1474_C
MAXEVILLE,54,1475_C
LAXOU,54,1476_C
FROUARD,54,1477_C
BOUXIERES-AUX-DAMES,54,1478_C
LANEUVEVILLE-DEVANT-NANCY,54,1479_C
CUSTINES,54,1480_C
TOMBLAINE,54,1481_C
RICHARDMENIL,54,1482_C
HEILLECOURT,54,1483_C
PONT-SAINT-VINCENT,54,1484_C
HAROUE,54,1485_C
VARANGEVILLE,54,1486_C
SAINT-NICOLAS-DE-PORT,54,1487_C
VAL DE BRIEY,54,1488_C
LONGWY,54,1489_C
TRIEUX,54,1490_C
GORCY,54,1491_C
HAUCOURT-MOULAINE,54,1492_C
JOEUF,54,1493_C
JARNY,54,1494_C
SAULNES,54,1495_C
HOMECOURT,54,1496_C
TUCQUEGNIEUX,54,1497_C
MONT SAINT MARTIN,54,1498_C
REHON,54,1499_C
AUBOUE,54,1500_C
LONGLAVILLE,54,1501_C
THIL,54,1502_C
LONGUYON,54,1503_C
HERSERANGE,54,1504_C
HUSSIGNY GODBRANGE,54,1505_C
VILLERUPT,54,1506_C
COSNES-ET-ROMAIN,54,1507_C
CONS-LA-GRANDVILLE,54,1508_C
HATRIZE,54,1509_C
VALLEROY,54,1510_C
LUNEVILLE,54,1511_C
VATHIMENIL,54,1512_C
DAMELEVIERES,54,1513_C
MONT-SUR-MEURTHE,54,1514_C
BLAINVILLE-SUR-L EAU,54,1515_C
FOUG,54,1516_C
PIERRE-LA-TREICHE,54,1517_C
ECROUVES,54,1518_C
TOUL,54,1519_C
DOMMARTIN-LES-TOUL,54,1520_C
VILLEY-SAINT-ETIENNE,54,1521_C
DOMGERMAIN,54,1522_C
THIAUCOURT-REGNIEVILLE,54,1523_C
BELLEVILLE SUR MEUSE,55,1524_C
VERDUN,55,1525_C
ARZON,56,1526_C
SAINT-AVE,56,1527_C
VANNES,56,1528_C
ARRADON,56,1529_C
PLOEREN,56,1530_C
PLOUHINEC,56,1531_C
GUIDEL,56,1532_C
GAVRES,56,1533_C
LARMOR-PLAGE,56,1534_C
LORIENT,56,1535_C
LOCMIQUELIC,56,1536_C
INZINZAC-LOCHRIST,56,1537_C
PORT-LOUIS,56,1538_C
GESTEL,56,1539_C
HENNEBONT,56,1540_C
PLOEMEUR,56,1541_C
LANESTER,56,1542_C
RIANTEC,56,1543_C
CLEGUER,56,1544_C
KERVIGNAC,56,1545_C
LANGUIDIC,56,1546_C
BRECH,56,1547_C
PLOEMEL,56,1548_C
AURAY,56,1549_C
CARNAC,56,1550_C
LOCMARIA,56,1551_C
LE PALAIS,56,1552_C
SAINT-PIERRE-QUIBERON,56,1553_C
QUIBERON,56,1554_C
BELZ,56,1555_C
LA TRINITE SUR MER,56,1556_C
ERDEVEN,56,1557_C
LE BONO,56,1558_C
ETEL,56,1559_C
SAUZON,56,1560_C
SAINTE-ANNE-D'AURAY,56,1561_C
SAINT-PHILIBERT,56,1562_C
PLUVIGNER,56,1563_C
PLUNERET,56,1564_C
PLOUHARNEL,56,1565_C
MALESTROIT,56,1566_C
PLOERMEL,56,1567_C
PONTIVY,56,1568_C
LIGNOL,56,1569_C
BAUD,56,1570_C
NEVERS,58,1571_C
FOURCHAMBAULT,58,1572_C
VARENNES-VAUZELLES,58,1573_C
IMPHY,58,1574_C
COULANGES LES NEVERS,58,1575_C
DECIZE,58,1576_C
SAINT ELOI,58,1577_C
LILLE,59,1578_C
LA MADELEINE,59,1579_C
MONS EN BAROEUL,59,1580_C
LAMBERSART,59,1581_C
FACHES THUMESNIL,59,1582_C
SAINT-ANDRE,59,1583_C
WAMBRECHIES,59,1584_C
RONCHIN,59,1585_C
MARQUETTE-LEZ-LILLE,59,1586_C
VILLENEUVE-D'ASCQ,59,1587_C
FOURNES-EN-WEPPES,59,1588_C
CROIX,59,1589_C
LYS LEZ LANNOY,59,1590_C
ROUBAIX,59,1591_C
WATTRELOS,59,1592_C
WAVRIN,59,1593_C
PHALEMPIN,59,1594_C
LESQUIN,59,1595_C
LANNOY,59,1596_C
ENNETIERES-EN-WEPPES,59,1597_C
LOOS,59,1598_C
SEQUEDIN,59,1599_C
ALLENNES-LES-MARAIS,59,1600_C
WATTIGNIES,59,1601_C
WASQUEHAL,59,1602_C
AVELIN,59,1603_C
WILLEMS,59,1604_C
HAUBOURDIN,59,1605_C
SECLIN,59,1606_C
PONT-A-MARCQ,59,1607_C
TEMPLEUVE EN PEVELE,59,1608_C
CYSOING,59,1609_C
HALLENNES-LEZ-HAUBOURDIN,59,1610_C
HEM,59,1611_C
BERSEE,59,1612_C
MOUVAUX,59,1613_C
MARCQ EN BAROEUL,59,1614_C
RONCQ,59,1615_C
TOURCOING,59,1616_C
ARMENTIERES,59,1617_C
PERENCHIES,59,1618_C
HALLUIN,59,1619_C
DEULEMONT,59,1620_C
NEUVILLE EN FERRAIN,59,1621_C
BONDUES,59,1622_C
LINSELLES,59,1623_C
QUESNOY SUR DEULE,59,1624_C
GRANDE-SYNTHE,59,1625_C
BAILLEUL,59,1626_C
HAZEBROUCK,59,1627_C
DOUAI,59,1628_C
LAMBRES LEZ DOUAI,59,1629_C
SIN LE NOBLE,59,1630_C
SOMAIN,59,1631_C
FAUMONT,59,1632_C
PECQUENCOURT,59,1633_C
MAUBEUGE,59,1634_C
CAUDRY,59,1635_C
CAMBRAI,59,1636_C
RAISMES,59,1637_C
VALENCIENNES,59,1638_C
MARLY,59,1639_C
SAINT-AMAND-LES-EAUX,59,1640_C
ANZIN,59,1641_C
HASNON,59,1642_C
TRITH-ST-LEGER,59,1643_C
DENAIN,59,1644_C
BEAUVAIS,60,1645_C
MERU,60,1646_C
TRIE CHATEAU,60,1647_C
BORNEL,60,1648_C
NOAILLES,60,1649_C
VALDAMPIERRE,60,1650_C
CHAUMONT-EN-VEXIN,60,1651_C
LABOISSIERE EN THELLE,60,1652_C
ANDEVILLE,60,1653_C
GOINCOURT,60,1654_C
STE GENEVIEVE,60,1655_C
LOCONVILLE,60,1656_C
RANTIGNY,60,1657_C
CLERMONT,60,1658_C
LIANCOURT,60,1659_C
FITZ JAMES,60,1660_C
LAIGNEVILLE,60,1661_C
MOUY,60,1662_C
CREVECOEUR LE GRAND,60,1663_C
LA RUE ST PIERRE,60,1664_C
COMPIEGNE,60,1665_C
MARGNY LES COMPIEGNE,60,1666_C
CLAIROIX,60,1667_C
NOYON,60,1668_C
RIBECOURT DRESLINCOURT,60,1669_C
LACROIX ST OUEN,60,1670_C
VENETTE,60,1671_C
LACHELLE,60,1672_C
ATTICHY,60,1673_C
JAUX,60,1674_C
THOUROTTE,60,1675_C
LE MEUX,60,1676_C
CAMBRONNE LES RIBECOURT,60,1677_C
ST VAAST LES MELLO,60,1678_C
PONT STE MAXENCE,60,1679_C
NOGENT SUR OISE,60,1680_C
CIRES LES MELLO,60,1681_C
SAINTINES,60,1682_C
DIEUDONNE,60,1683_C
PRECY SUR OISE,60,1684_C
SENLIS,60,1685_C
CHANTILLY,60,1686_C
GOUVIEUX,60,1687_C
CREIL,60,1688_C
NANTEUIL LE HAUDOUIN,60,1689_C
VILLERS ST PAUL,60,1690_C
LA CHAPELLE EN SERVAL,60,1691_C
FLEURINES,60,1692_C
VERNEUIL EN HALATTE,60,1693_C
MONTATAIRE,60,1694_C
CREPY EN VALOIS,60,1695_C
ORRY LA VILLE,60,1696_C
ST MAXIMIN,60,1697_C
AVILLY ST LEONARD,60,1698_C
LAMORLAYE,60,1699_C
ST LEU D ESSERENT,60,1700_C
BETHISY ST MARTIN,60,1701_C
VERBERIE,60,1702_C
THIVERNY,60,1703_C
CHAMBLY,60,1704_C
LEVIGNEN,60,1705_C
BORAN SUR OISE,60,1706_C
BETHISY ST PIERRE,60,1707_C
COYE LA FORET,60,1708_C
VINEUIL ST FIRMIN,60,1709_C
LE PLESSIS BELLEVILLE,60,1710_C
MORTEFONTAINE,60,1711_C
CRAMOISY,60,1712_C
PEROY LES GOMBRIES,60,1713_C
NEUILLY EN THELLE,60,1714_C
VER SUR LAUNETTE,60,1715_C
LE MESNIL EN THELLE,60,1716_C
PLAILLY,60,1717_C
ALENCON,61,1718_C
FLERS,61,1719_C
BAGNOLES DE L'ORNE NORMANDIE,61,1720_C
ARRAS,62,1721_C
ACHICOURT,62,1722_C
SAINT-NICOLAS,62,1723_C
ELEU-DIT-LEAUWETTE,62,1724_C
ANZIN-SAINT-AUBIN,62,1725_C
BEAURAINS,62,1726_C
AVION,62,1727_C
SAINTE-CATHERINE,62,1728_C
NEUVILLE-ST-VAAST,62,1729_C
SAVY-BERLETTE,62,1730_C
BIACHE-SAINT-VAAST,62,1731_C
BETHUNE,62,1732_C
DIVION,62,1733_C
HESDIGNEUL-LES-BETHUNE,62,1734_C
BEUVRY,62,1735_C
ISBERGUES,62,1736_C
AIX NOULETTE,62,1737_C
HARNES,62,1738_C
CARVIN,62,1739_C
MONTIGNY EN GOHELLE,62,1740_C
WINGLES,62,1741_C
LENS,62,1742_C
LOOS EN GOHELLE,62,1743_C
HENIN-BEAUMONT,62,1744_C
WIMEREUX,62,1745_C
NEUFCHATEL-HARDELOT,62,1746_C
ST MARTIN BOULOGNE,62,1747_C
CALAIS,62,1748_C
WISSANT,62,1749_C
BOULOGNE SUR MER,62,1750_C
MARQUISE,62,1751_C
BERCK,62,1752_C
LE TOUQUET PARIS PLAGE,62,1753_C
CUCQ,62,1754_C
MERLIMONT,62,1755_C
AIRE-SUR-LA-LYS,62,1756_C
BLENDECQUES,62,1757_C
SAINT OMER,62,1758_C
LONGUENESSE,62,1759_C
ARQUES,62,1760_C
RIOM,63,1761_C
CHATELGUYON,63,1762_C
PONTGIBAUD,63,1763_C
THIERS,63,1764_C
ISSOIRE,63,1765_C
SAINT-NECTAIRE,63,1766_C
BESSE-ET-SAINT-ANASTAISE,63,1767_C
MONTPEYROUX,63,1768_C
CHASTREIX,63,1769_C
PAU,64,1770_C
BILLERE,64,1771_C
LONS,64,1772_C
BIZANOS,64,1773_C
SERRES CASTET,64,1774_C
MIOSSENS LANUSSE,64,1775_C
JURANCON,64,1776_C
IDRON,64,1777_C
NAVARRENX,64,1778_C
MOURENX,64,1779_C
GELOS,64,1780_C
SAUVAGNON,64,1781_C
MAZEROLLES,64,1782_C
ORTHEZ,64,1783_C
LESCAR,64,1784_C
RONTIGNON,64,1785_C
MORLAAS,64,1786_C
DENGUIN,64,1787_C
LESTELLE BETHARRAM,64,1788_C
OLORON SAINTE MARIE,64,1789_C
REBENACQ,64,1790_C
EAUX BONNES,64,1791_C
MOUMOUR,64,1792_C
LARUNS,64,1793_C
NAY,64,1794_C
SEVIGNACQ MEYRACQ,64,1795_C
ARETTE,64,1796_C
BAYONNE,64,1797_C
BIARRITZ,64,1798_C
ANGLET,64,1799_C
USTARITZ,64,1800_C
SAINT-JEAN-DE-LUZ,64,1801_C
MAULEON LICHARRE,64,1802_C
HENDAYE,64,1803_C
LAHONCE,64,1804_C
BASSUSSARRY,64,1805_C
CIBOURE,64,1806_C
HASPARREN,64,1807_C
UHART-CIZE,64,1808_C
SAINT-PALAIS,64,1809_C
LOURDES,65,1810_C
ARGELES-GAZOST,65,1811_C
CAPVERN,65,1812_C
TARBES,65,1813_C
CAUTERETS,65,1814_C
SAINT-LARY-SOULAN,65,1815_C
ARREAU,65,1816_C
SAILHAN,65,1817_C
CAMPAN,65,1818_C
BAGNERES-DE-BIGORRE,65,1819_C
BAREGES,65,1820_C
ESQUIEZE-SERE,65,1821_C
SEMEAC,65,1822_C
LUZ-SAINT-SAUVEUR,65,1823_C
GERM,65,1824_C
ARAGNOUET,65,1825_C
ADE,65,1826_C
VIELLE-AURE,65,1827_C
ARGELES SUR MER,66,1828_C
ELNE,66,1829_C
CANET EN ROUSSILLON,66,1830_C
SAINTE-MARIE-LA-MER,66,1831_C
SAINT-CYPRIEN,66,1832_C
PERPIGNAN,66,1833_C
TORREILLES,66,1834_C
LE BARCARES,66,1835_C
CORNEILLA DEL VERCOL,66,1836_C
TOULOUGES,66,1837_C
ALENYA,66,1838_C
LES ANGLES,66,1839_C
BOLQUERE,66,1840_C
AMELIE LES BAINS,66,1841_C
CERET,66,1842_C
FONT-ROMEU ODEILLO-VIA,66,1843_C
RIVESALTES,66,1844_C
PUYVALADOR,66,1845_C
SAINT-PAUL-DE-FENOUILLET,66,1846_C
FORMIGUERES,66,1847_C
LE BOULOU,66,1848_C
ALBIGNY-SUR-SAONE,69,1849_C
LYON 2EME,69,1850_C
NEUVILLE SUR SAONE,69,1851_C
LYON 4EME,69,1852_C
LYON 5EME,69,1853_C
LYON 9EME,69,1854_C
QUINCIEUX,69,1855_C
CALUIRE ET CUIRE,69,1856_C
LYON 1ER,69,1857_C
RILLIEUX-LA-PAPE,69,1858_C
FONTAINES SUR SAONE,69,1859_C
GENAY,69,1860_C
FLEURIEU-SUR-SAONE,69,1861_C
COUZON-AU-MONT-D OR,69,1862_C
SATHONAY-CAMP,69,1863_C
CURIS-AU-MONT-D'OR,69,1864_C
CAILLOUX-SUR-FONTAINES,69,1865_C
ROCHETAILLEE-SUR-SAONE,69,1866_C
SAINT-ROMAIN-AU-MONT-D OR,69,1867_C
MONTANAY,69,1868_C
SATHONAY-VILLAGE,69,1869_C
SAINT-GERMAIN-AU-MONT-D OR,69,1870_C
LYON 3EME,69,1871_C
LYON 7EME,69,1872_C
LYON 6EME,69,1873_C
LYON 8EME,69,1874_C
MEYZIEU,69,1875_C
SAINT-PIERRE-DE-CHANDIEU,69,1876_C
VILLEURBANNE,69,1877_C
VENISSIEUX,69,1878_C
DECINES-CHARPIEU,69,1879_C
TERNAY,69,1880_C
VAULX EN VELIN,69,1881_C
SAINT-PRIEST,69,1882_C
MIONS,69,1883_C
ST FONS,69,1884_C
CHASSIEU,69,1885_C
BRON,69,1886_C
CORBAS,69,1887_C
GENAS,69,1888_C
SAINT-BONNET-DE-MURE,69,1889_C
SEREZIN-DU-RHONE,69,1890_C
FEYZIN,69,1891_C
SAINT-LAURENT-DE-MURE,69,1892_C
SOLAIZE,69,1893_C
SAINT-SYMPHORIEN-D'OZON,69,1894_C
TOUSSIEU,69,1895_C
SAINT-GENIS-LAVAL,69,1896_C
OULLINS,69,1897_C
LA MULATIERE,69,1898_C
SAINTE FOY LES LYON,69,1899_C
SOUCIEU EN JARREST,69,1900_C
BRIGNAIS,69,1901_C
CONDRIEU,69,1902_C
TALUYERS,69,1903_C
GRIGNY,69,1904_C
GIVORS,69,1905_C
IRIGNY,69,1906_C
AMPUIS,69,1907_C
SAINT LAURENT D'AGNY,69,1908_C
CHARLY,69,1909_C
PIERRE BENITE,69,1910_C
VERNAISON,69,1911_C
SAINTE-COLOMBE,69,1912_C
SAINT ROMAIN EN GAL,69,1913_C
ECHALAS,69,1914_C
MONTAGNY,69,1915_C
MORNANT,69,1916_C
CHAPONOST,69,1917_C
VOURLES,69,1918_C
FRANCHEVILLE,69,1919_C
COLLONGES-AU-MONT- D OR,69,1920_C
ECULLY,69,1921_C
DARDILLY,69,1922_C
CRAPONNE,69,1923_C
TASSIN-LA-DEMI-LUNE,69,1924_C
BRINDAS,69,1925_C
DUERNE,69,1926_C
MARCY-L ETOILE,69,1927_C
MARCILLY-D AZERGUES,69,1928_C
L ARBRESLE,69,1929_C
CHAMPAGNE-AU-MONT-D OR,69,1930_C
FLEURIEUX-SUR-L ARBRESLE,69,1931_C
GREZIEU-LA-VARENNE,69,1932_C
LIMONEST,69,1933_C
CHARBONNIERES-LES-BAINS,69,1934_C
SAIN-BEL,69,1935_C
LENTILLY,69,1936_C
CHASSELAY,69,1937_C
BRUSSIEU,69,1938_C
BULLY,69,1939_C
SAINT CYR AU MONT D OR,69,1940_C
SAINT GERMAIN NUELLES,69,1941_C
COURZIEU,69,1942_C
DOMMARTIN,69,1943_C
POLLIONNAY,69,1944_C
LA TOUR DE SALVAGNY,69,1945_C
SAINTE-FOY-L ARGENTIERE,69,1946_C
SAINT-DIDIER-AU-MONT-D OR,69,1947_C
SAINT SYMPHORIEN SUR COISE,69,1948_C
THURINS,69,1949_C
SARCEY,69,1950_C
VILLEFRANCHE,69,1951_C
THIZY LES BOURGS,69,1952_C
LOZANNE,69,1953_C
LIMAS,69,1954_C
ALIX,69,1955_C
ARNAS,69,1956_C
TARARE,69,1957_C
GLEIZE,69,1958_C
SAINT GEORGES DE RENEINS,69,1959_C
CHARENTAY,69,1960_C
ANSE,69,1961_C
LAMURE SUR AZERGUES,69,1962_C
SAINT-DIDIER-SUR-BEAUJEU,69,1963_C
BELLEVILLE-EN-BEAUJOLAIS,69,1964_C
SAINT-FORGEUX,69,1965_C
AMPLEPUIS,69,1966_C
VILLE SUR JARNIOUX,69,1967_C
SAINT-JULIEN,69,1968_C
LEGNY,69,1969_C
VAL D'OINGT,69,1970_C
CERCIE,69,1971_C
LUCENAY,69,1972_C
CHESSY,69,1973_C
MARCY,69,1974_C
LUXEUIL-LES-BAINS,70,1975_C
HERICOURT,70,1976_C
LURE,70,1977_C
SAINT-SAUVEUR,70,1978_C
CHALONVILLARS,70,1979_C
VILLERSEXEL,70,1980_C
CHAGEY,70,1981_C
VESOUL,70,1982_C
NOIDANS-LES-VESOUL,70,1983_C
NAVENNE,70,1984_C
RIOZ,70,1985_C
PUSEY,70,1986_C
ECHENOZ-LA-MELINE,70,1987_C
ARC-LES-GRAY,70,1988_C
MACON,71,1989_C
TOURNUS,71,1990_C
CLUNY,71,1991_C
MONTCHANIN,71,1992_C
SAINT-DESERT,71,1993_C
CHALON-SUR-SAONE,71,1994_C
GIVRY,71,1995_C
SAINT-REMY,71,1996_C
MONTCEAU LES MINES,71,1997_C
SAINT VALLIER,71,1998_C
CHAGNY,71,1999_C
CHAROLLES,71,2000_C
PARAY LE MONIAL,71,2001_C
CHAUFFAILLES,71,2002_C
DIGOIN,71,2003_C
AUTUN,71,2004_C
LE CREUSOT,71,2005_C
BLANZY,71,2006_C
SAINT SERNIN DU BOIS,71,2007_C
LOUHANS,71,2008_C
LE MANS,72,2009_C
RUAUDIN,72,2010_C
ALLONNES,72,2011_C
PARIGNE L EVEQUE,72,2012_C
MULSANNE,72,2013_C
MONTVAL-SUR-LOIR,72,2014_C
MONTFORT-LE-GESNOIS,72,2015_C
SAINT CALAIS,72,2016_C
SAINT MARS D OUTILLE,72,2017_C
SABLE SUR SARTHE,72,2018_C
NOYEN SUR SARTHE,72,2019_C
LA FLECHE,72,2020_C
AUBIGNE RACAN,72,2021_C
CLERMONT CREANS,72,2022_C
LA FERTE BERNARD,72,2023_C
CHAMPFLEUR,72,2024_C
MAMERS,72,2025_C
BEAUMONT SUR SARTHE,72,2026_C
AIX LES BAINS,73,2027_C
LA PLAGNE TARENTAISE,73,2028_C
SAINT-JEOIRE-PRIEURE,73,2029_C
LES BELLEVILLE,73,2030_C
VAL CENIS,73,2031_C
EPIERRE,73,2032_C
ALBERTVILLE,73,2033_C
VALLOIRE,73,2034_C
SAINT FRANCOIS LONGCHAMP,73,2035_C
VALMEINIER,73,2036_C
LA RAVOIRE,73,2037_C
BARBY,73,2038_C
VAL-D ISERE,73,2039_C
LES ALLUES,73,2040_C
CHAMBERY,73,2041_C
MONTVALEZAN,73,2042_C
TIGNES,73,2043_C
MODANE,73,2044_C
AUSSOIS,73,2045_C
BOURG-SAINT-MAURICE,73,2046_C
MOUXY,73,2047_C
AIME LA PLAGNE,73,2048_C
BASSENS,73,2049_C
HAUTELUCE,73,2050_C
COURCHEVEL,73,2051_C
SAINT-JEAN-D ARVEY,73,2052_C
VILLARD SUR DORON,73,2053_C
ENTRELACS,73,2054_C
VOGLANS,73,2055_C
TRESSERVE,73,2056_C
FLUMET,73,2057_C
LA MOTTE SERVOLEX,73,2058_C
PRALOGNAN-LA-VANOISE,73,2059_C
LES AVANCHERS VALMOREL,73,2060_C
BARBERAZ,73,2061_C
ALBIEZ-MONTROND,73,2062_C
GAILLARD,74,2063_C
LA BALME DE SILLINGY,74,2064_C
ANNECY,74,2065_C
FAVERGES-SEYTHENEX,74,2066_C
MANIGOD,74,2067_C
LE GRAND BORNAND,74,2068_C
VALLEIRY,74,2069_C
VEYRIER-DU-LAC,74,2070_C
DOUSSARD,74,2071_C
ANNEMASSE,74,2072_C
NEYDENS,74,2073_C
ARGONAY,74,2074_C
RUMILLY,74,2075_C
VETRAZ-MONTHOUX,74,2076_C
MONNETIER-MORNEX,74,2077_C
COLLONGES-SOUS-SALEVE,74,2078_C
VILLE-LA-GRAND,74,2079_C
LUCINGES,74,2080_C
BONNE,74,2081_C
POISY,74,2082_C
CHENEX,74,2083_C
SAINT-JULIEN-EN-GENEVOIS,74,2084_C
LA CLUSAZ,74,2085_C
THONES,74,2086_C
ALLONZIER-LA-CAILLE,74,2087_C
EPAGNY METZ-TESSY,74,2088_C
DUINGT,74,2089_C
COPPONEX,74,2090_C
ARCHAMPS,74,2091_C
GROISY,74,2092_C
VIRY,74,2093_C
MENTHON-SAINT-BERNARD,74,2094_C
CHAMONIX MONT BLANC,74,2095_C
VIUZ-EN-SALLAZ,74,2096_C
PRAZ SUR ARLY,74,2097_C
LA ROCHE SUR FORON,74,2098_C
SCIONZIER,74,2099_C
COMBLOUX,74,2100_C
THYEZ,74,2101_C
LES CONTAMINES MONTJOIE,74,2102_C
MONT-SAXONNEX,74,2103_C
ONNION,74,2104_C
SAINT GERVAIS LES BAINS,74,2105_C
SALLANCHES,74,2106_C
ARACHES LA FRASSE,74,2107_C
SERVOZ,74,2108_C
TANINGES,74,2109_C
LES GETS,74,2110_C
MEGEVE,74,2111_C
BONNEVILLE,74,2112_C
PASSY,74,2113_C
CLUSES,74,2114_C
MORILLON,74,2115_C
MARIGNIER,74,2116_C
SAMOENS,74,2117_C
VALLORCINE,74,2118_C
DEMI-QUARTIER,74,2119_C
CORNIER,74,2120_C
LES HOUCHES,74,2121_C
LA TOUR,74,2122_C
MIEUSSY,74,2123_C
AMANCY,74,2124_C
VERCHAIX,74,2125_C
SAINT-JEOIRE,74,2126_C
CORDON,74,2127_C
SAINT-PIERRE-EN-FAUCIGNY,74,2128_C
CONTAMINE-SUR-ARVE,74,2129_C
GLIERES-VAL-DE-BORNE,74,2130_C
MARNAZ,74,2131_C
EVIAN-LES-BAINS,74,2132_C
SAINT-PAUL-EN-CHABLAIS,74,2133_C
SAINT-JEAN-D'AULPS,74,2134_C
SAINT-ETIENNE-DU-ROUVRAY,76,2135_C
ROUEN,76,2136_C
MESNIL-ESNARD (LE),76,2137_C
GRAND QUEVILLY (LE),76,2138_C
BONSECOURS,76,2139_C
PETIT QUEVILLY (LE),76,2140_C
PETIT-COURONNE (LE),76,2141_C
SOTTEVILLE-LES-ROUEN,76,2142_C
CAUDEBEC-LES-ELBEUF,76,2143_C
ELBEUF,76,2144_C
TOURVILLE-LA-RIVIERE,76,2145_C
SAINT PIERRE LES ELBEUF,76,2146_C
AMFREVILLE-LA-MIVOIE,76,2147_C
MONT-SAINT-AIGNAN,76,2148_C
MAROMME,76,2149_C
DARNETAL,76,2150_C
CANTELEU,76,2151_C
BARENTIN,76,2152_C
BOIS GUILLAUME,76,2153_C
SAINT-LEGER-DU-BOURG-DENIS,76,2154_C
DEVILLE-LES-ROUEN,76,2155_C
BIHOREL,76,2156_C
NOTRE-DAME-DE-BONDEVILLE,76,2157_C
VILLERS ECALLES,76,2158_C
DIEPPE,76,2159_C
ARQUES-LA-BATAILLE,76,2160_C
LE TREPORT,76,2161_C
EU,76,2162_C
LE HAVRE,76,2163_C
STE ADRESSE,76,2164_C
HARFLEUR,76,2165_C
MONTIVILLIERS,76,2166_C
GRUCHET-LE-VALASSE,76,2167_C
SAINT-ROMAIN-DE-COLBOSC,76,2168_C
SAINT-LAURENT-DE-BREVEDENT,76,2169_C
FECAMP,76,2170_C
LANQUETOT,76,2171_C
LILLEBONNE,76,2172_C
ETRETAT,76,2173_C
PORT-JEROME-SUR-SEINE,76,2174_C
GONFREVILLE L ORCHER,76,2175_C
MANIQUERVILLE,76,2176_C
BOLBEC,76,2177_C
BREAUTE,76,2178_C
FORGES-LES-EAUX,76,2179_C
GOURNAY-EN-BRAY,76,2180_C
RIVES-EN-SEINE,76,2181_C
SAINT-VALERY-EN-CAUX,76,2182_C
YVETOT,76,2183_C
SAINT-PIERRE-EN-PORT,76,2184_C
SAINT MARTIN AUX BUNEAUX,76,2185_C
YERVILLE,76,2186_C
GREMONVILLE,76,2187_C
SERVON,77,2188_C
OZOIR LA FERRIERE,77,2189_C
MELUN,77,2190_C
TOURNAN-EN-BRIE,77,2191_C
VAUX-LE-PENIL,77,2192_C
LE MEE SUR SEINE,77,2193_C
BRIE COMTE ROBERT,77,2194_C
CHAMPEAUX,77,2195_C
COMBS LA VILLE,77,2196_C
LIEUSAINT,77,2197_C
SAINT-FARGEAU-PONTHIERRY,77,2198_C
LESIGNY,77,2199_C
BARBIZON,77,2200_C
GRETZ-ARMAINVILLIERS,77,2201_C
REAU,77,2202_C
SAVIGNY-LE-TEMPLE,77,2203_C
NANDY,77,2204_C
PRESLES-EN-BRIE,77,2205_C
PONTAULT COMBAULT,77,2206_C
GUIGNES,77,2207_C
CHARTRETTES,77,2208_C
DAMMARIE LES LYS,77,2209_C
CESSON,77,2210_C
GRISY-SUISNES,77,2211_C
CHATELET-EN-BRIE (LE),77,2212_C
ROCHETTE(LA),77,2213_C
MACHAULT,77,2214_C
ROISSY-EN-BRIE,77,2215_C
PRINGY,77,2216_C
SOLERS,77,2217_C
MOISSY-CRAMAYEL,77,2218_C
MONTEREAU FAULT YONNE,77,2219_C
SAINT-PIERRE-LES-NEMOURS,77,2220_C
MONTIGNY-SUR-LOING,77,2221_C
FONTAINEBLEAU,77,2222_C
ANDREZEL,77,2223_C
AVON,77,2224_C
BOMBON,77,2225_C
NEMOURS,77,2226_C
SOIGNOLLES-EN-BRIE,77,2227_C
HERICY,77,2228_C
COUBERT,77,2229_C
MORET-LOING-ET-ORVANNE,77,2230_C
SAMOIS SUR SEINE,77,2231_C
NOISY-SUR-ECOLE,77,2232_C
CHEVRY-COSSIGNY,77,2233_C
EVRY-GREGY-SUR-YERRE,77,2234_C
CHAUMES-EN-BRIE,77,2235_C
CHAMPAGNE SUR SEINE,77,2236_C
SEINE-PORT,77,2237_C
FAVIERES,77,2238_C
MORMANT,77,2239_C
VOULX,77,2240_C
ACHERES-LA-FORET,77,2241_C
CHAMPDEUIL,77,2242_C
SOUPPES-SUR-LOING,77,2243_C
PONTCARRE,77,2244_C
SAINT-MAMMES,77,2245_C
SAINT-SAUVEUR-SUR-ECOLE,77,2246_C
SIVRY-COURTRY,77,2247_C
BOIS LE ROI,77,2248_C
SAINT-MARTIN-EN-BIERE,77,2249_C
REBAIS,77,2250_C
FONTENAY-TRESIGNY,77,2251_C
COULOMMIERS,77,2252_C
QUINCY-VOISINS,77,2253_C
JOUY-SUR-MORIN,77,2254_C
LA FERTE SOUS JOUARRE,77,2255_C
ESBLY,77,2256_C
CITRY,77,2257_C
CROUY-SUR-OURCQ,77,2258_C
MORTCERF,77,2259_C
ROZAY-EN-BRIE,77,2260_C
MARY-SUR-MARNE,77,2261_C
COUILLY-PONT-AUX-DAMES,77,2262_C
CRECY LA CHAPELLE,77,2263_C
BASSEVELLE,77,2264_C
CONDE-SAINTE-LIBIAIRE,77,2265_C
FERTE-GAUCHER (LA),77,2266_C
VILLENEUVE-SAINT-DENIS,77,2267_C
DOUY-LA-RAMEE,77,2268_C
SAINT-SIMEON,77,2269_C
BEAUTHEIL-SAINTS,77,2270_C
VILLIERS-SUR-MORIN,77,2271_C
JOUARRE,77,2272_C
CANNES-ECLUSE,77,2273_C
GENEVRAYE (LA),77,2274_C
CLAYE-SOUILLY,77,2275_C
MEAUX,77,2276_C
SAINT THIBAULT DES VIGNES,77,2277_C
TORCY,77,2278_C
CHELLES,77,2279_C
VILLEPARISIS,77,2280_C
LONGPERRIER,77,2281_C
BUSSY-SAINT-GEORGES,77,2282_C
SERRIS,77,2283_C
MONTEVRAIN,77,2284_C
NOISIEL,77,2285_C
ANNET-SUR-MARNE,77,2286_C
POMPONNE,77,2287_C
COLLEGIEN,77,2288_C
VARREDDES,77,2289_C
LAGNY-SUR-MARNE,77,2290_C
CHAMPS-SUR-MARNE,77,2291_C
EMERAINVILLE,77,2292_C
BUSSY-SAINT-MARTIN,77,2293_C
SAINT-PATHUS,77,2294_C
DAMMARTIN-EN-GOELE,77,2295_C
VAIRES SUR MARNE,77,2296_C
LOGNES,77,2297_C
CHANTELOUP EN BRIE,77,2298_C
MAGNY-LE-HONGRE,77,2299_C
COUPVRAY,77,2300_C
VILLENOY,77,2301_C
THORIGNY SUR MARNE,77,2302_C
BAILLY-ROMAINVILLIERS,77,2303_C
LE PIN,77,2304_C
CREGY-LES-MEAUX,77,2305_C
CHESSY,77,2306_C
VILLENEUVE SOUS DAMMARTIN,77,2307_C
BROU-SUR-CHANTEREINE,77,2308_C
VILLEVAUDE,77,2309_C
FERRIERES-EN-BRIE,77,2310_C
MITRY MORY,77,2311_C
NANTEUIL-LES-MEAUX,77,2312_C
DAMPMART,77,2313_C
NANTOUILLET,77,2314_C
CHARMENTRAY,77,2315_C
TRILPORT,77,2316_C
SAINT-MARD,77,2317_C
SAINT-SOUPPLETS,77,2318_C
OISSERY,77,2319_C
OTHIS,77,2320_C
JOSSIGNY,77,2321_C
COURTRY,77,2322_C
CROISSY-BEAUBOURG,77,2323_C
TRILBARDOU,77,2324_C
GOUVERNES,77,2325_C
POINCY,77,2326_C
CARNETIN,77,2327_C
CHAUCONIN-NEUFMONTIERS,77,2328_C
GUERMANTES,77,2329_C
CHAMBRY,77,2330_C
MESSY,77,2331_C
THIEUX,77,2332_C
ISLES-LES-VILLENOY,77,2333_C
PROVINS,77,2334_C
GASTINS,77,2335_C
NANGIS,77,2336_C
MOUY-SUR-SEINE,77,2337_C
ORMES-SUR-VOULZIE (LES),77,2338_C
MOUSSEAUX-LES-BRAY,77,2339_C
MAISON-ROUGE,77,2340_C
VERSAILLES,78,2341_C
SAINT-CYR-L ECOLE,78,2342_C
BOIS D ARCY,78,2343_C
VIROFLAY,78,2344_C
MONTIGNY LE BRETONNEUX,78,2345_C
VELIZY VILLACOUBLAY,78,2346_C
TRAPPES,78,2347_C
GUYANCOURT,78,2348_C
FONTENAY LE FLEURY,78,2349_C
LE CHESNAY-ROCQUENCOURT,78,2350_C
JOUY EN JOSAS,78,2351_C
BUC,78,2352_C
CHATEAUFORT,78,2353_C
MARLY-LE-ROI,78,2354_C
VESINET (LE),78,2355_C
PLAISIR,78,2356_C
CLAYES-SOUS-BOIS (LES),78,2357_C
MAISONS-LAFFITTE,78,2358_C
SARTROUVILLE,78,2359_C
LOUVECIENNES,78,2360_C
CROISSY SUR SEINE,78,2361_C
CARRIERES SUR SEINE,78,2362_C
HOUILLES,78,2363_C
ETANG-LA-VILLE (L ),78,2364_C
CHATOU,78,2365_C
VILLEPREUX,78,2366_C
PORT-MARLY (LE),78,2367_C
MONTESSON,78,2368_C
MESNIL-LE-ROI (LE),78,2369_C
BOUGIVAL,78,2370_C
CELLE-SAINT-CLOUD (LA),78,2371_C
NOISY LE ROI,78,2372_C
SAINT-NOM-LA-BRETECHE,78,2373_C
CHAVENAY,78,2374_C
BAILLY,78,2375_C
FEUCHEROLLES,78,2376_C
CONFLANS SAINTE HONORINE,78,2377_C
MAURECOURT,78,2378_C
PECQ (LE),78,2379_C
ANDRESY,78,2380_C
SAINT-GERMAIN-EN-LAYE,78,2381_C
ORGEVAL,78,2382_C
MAULE,78,2383_C
POISSY,78,2384_C
TRIEL SUR SEINE,78,2385_C
MEULAN-EN-YVELINES,78,2386_C
CARRIERES SOUS POISSY,78,2387_C
VERNEUIL SUR SEINE,78,2388_C
MUREAUX (LES),78,2389_C
ACHERES,78,2390_C
MAREIL-MARLY,78,2391_C
VILLENNES-SUR-SEINE,78,2392_C
VERNOUILLET,78,2393_C
AUBERGENVILLE,78,2394_C
BOUAFLE,78,2395_C
CHANTELOUP-LES-VIGNES,78,2396_C
MORAINVILLIERS,78,2397_C
ECQUEVILLY,78,2398_C
VAUX-SUR-SEINE,78,2399_C
MEZY-SUR-SEINE,78,2400_C
CHAMBOURCY,78,2401_C
CRESPIERES,78,2402_C
NEZEL,78,2403_C
FLINS-SUR-SEINE,78,2404_C
EPONE,78,2405_C
MANTES-LA-JOLIE,78,2406_C
BUCHELAY,78,2407_C
MEZIERES-SUR-SEINE,78,2408_C
MANTES-LA-VILLE,78,2409_C
HOUDAN,78,2410_C
FONTENAY-SAINT-PERE,78,2411_C
LIMAY,78,2412_C
ISSOU,78,2413_C
FRENEUSE,78,2414_C
MAULETTE,78,2415_C
PERDREAUVILLE,78,2416_C
BENNECOURT,78,2417_C
GARGENVILLE,78,2418_C
SEPTEUIL,78,2419_C
RICHEBOURG,78,2420_C
BONNIERES-SUR-SEINE,78,2421_C
LIMETZ-VILLEZ,78,2422_C
GUERVILLE,78,2423_C
JUZIERS,78,2424_C
SAINT-MARTIN-DES-CHAMPS,78,2425_C
MAGNANVILLE,78,2426_C
ORVILLIERS,78,2427_C
MAUREPAS,78,2428_C
ELANCOURT,78,2429_C
CERNAY-LA-VILLE,78,2430_C
MESNIL-SAINT-DENIS (LE),78,2431_C
MAGNY-LES-HAMEAUX,78,2432_C
RAMBOUILLET,78,2433_C
SAINT-LEGER-EN-YVELINES,78,2434_C
ESSARTS-LE-ROI (LES),78,2435_C
BEYNES,78,2436_C
THOIRY,78,2437_C
JOUARS-PONTCHARTRAIN,78,2438_C
GALLUIS,78,2439_C
SAINT-GERMAIN-DE-LA-GRANGE,78,2440_C
NEAUPHLE-LE-CHATEAU,78,2441_C
CHEVREUSE,78,2442_C
SAINT-ARNOULT-EN-YVELINES,78,2443_C
MAREIL-LE-GUYON,78,2444_C
MESNULS (LES),78,2445_C
SAINT-REMY-LES-CHEVREUSE,78,2446_C
VOISINS-LE-BRETONNEUX,78,2447_C
QUEUE-LES-YVELINES (LA),78,2448_C
GAZERAN,78,2449_C
COIGNIERES,78,2450_C
MONTFORT-L AMAURY,78,2451_C
BULLION,78,2452_C
VILLIERS-SAINT-FREDERIC,78,2453_C
PERRAY-EN-YVELINES (LE),78,2454_C
TREMBLAY-SUR-MAULDRE (LE),78,2455_C
BONNELLES,78,2456_C
VERRIERE (LA),78,2457_C
ROCHEFORT-EN-YVELINES,78,2458_C
DAMPIERRE-EN-YVELINES,78,2459_C
PARTHENAY,79,2460_C
NIORT,79,2461_C
EXIREUIL,79,2462_C
CHAURAY,79,2463_C
ST MAIXENT L ECOLE,79,2464_C
LES FORGES,79,2465_C
BRESSUIRE,79,2466_C
FRONTENAY-ROHAN-ROHAN,79,2467_C
AMIENS,80,2468_C
LONGUEAU,80,2469_C
SAINT-FUSCIEN,80,2470_C
CORBIE,80,2471_C
CAMON,80,2472_C
PLACHY-BUYON,80,2473_C
FORT-MAHON-PLAGE,80,2474_C
LE CROTOY,80,2475_C
CAYEUX-SUR-MER,80,2476_C
DOULLENS,80,2477_C
QUEND,80,2478_C
FRIVILLE-ESCARBOTIN,80,2479_C
MERS-LES-BAINS,80,2480_C
AULT,80,2481_C
ABBEVILLE,80,2482_C
WOIGNARUE,80,2483_C
SAINT-VALERY-SUR-SOMME,80,2484_C
ROYE,80,2485_C
MEHARICOURT,80,2486_C
AILLY-SUR-NOYE,80,2487_C
ALBERT,80,2488_C
PERONNE,80,2489_C
ALBI,81,2490_C
LISLE-SUR-TARN,81,2491_C
SAINT JUERY,81,2492_C
CASTRES,81,2493_C
MAZAMET,81,2494_C
SAINT-SULPICE-LA-POINTE,81,2495_C
MOISSAC,82,2496_C
MONTAUBAN,82,2497_C
LA VILLE DIEU DU TEMPLE,82,2498_C
CASTELSARRASIN,82,2499_C
BEAUMONT DE LOMAGNE,82,2500_C
ST-ETIENNE-DE-TULMONT,82,2501_C
MONTECH,82,2502_C
MONTBETON,82,2503_C
VERDUN-SUR-GARONNE,82,2504_C
CAUSSADE,82,2505_C
SAINT ANTONIN NOBLE VAL,82,2506_C
GRISOLLES,82,2507_C
FREJUS,83,2508_C
DRAGUIGNAN,83,2509_C
GRIMAUD,83,2510_C
SAINT RAPHAEL,83,2511_C
COGOLIN,83,2512_C
SAINT TROPEZ,83,2513_C
ROQUEBRUNE-SUR-ARGENS,83,2514_C
LA CROIX VALMER,83,2515_C
SAINTE MAXIME,83,2516_C
LE MUY,83,2517_C
PUGET-SUR-ARGENS,83,2518_C
RAMATUELLE,83,2519_C
CAVALAIRE-SUR-MER,83,2520_C
LES ADRETS DE L ESTEREL,83,2521_C
BAGNOLS-EN-FORET,83,2522_C
ENTRECASTEAUX,83,2523_C
CALLIAN,83,2524_C
BRIGNOLES,83,2525_C
FAYENCE,83,2526_C
SEILLANS,83,2527_C
LORGUES,83,2528_C
BARJOLS,83,2529_C
MONTAUROUX,83,2530_C
TOURVES,83,2531_C
GAREOULT,83,2532_C
BARGEMON,83,2533_C
CLAVIERS,83,2534_C
LE CANNET DES MAURES,83,2535_C
TOURRETTES,83,2536_C
GONFARON,83,2537_C
LES ARCS,83,2538_C
RIANS,83,2539_C
ROCBARON,83,2540_C
LE LUC,83,2541_C
MONTFORT SUR ARGENS,83,2542_C
SALERNES,83,2543_C
VIDAUBAN,83,2544_C
CABASSE,83,2545_C
ROUGIERS,83,2546_C
MONTFERRAT,83,2547_C
TOURTOUR,83,2548_C
ST MAXIMIN LA STE BAUME,83,2549_C
LA GARDE,83,2550_C
LA SEYNE SUR MER,83,2551_C
TOULON,83,2552_C
SIX-FOURS-LES-PLAGES,83,2553_C
LA VALETTE DU VAR,83,2554_C
LE PRADET,83,2555_C
SAINT-MANDRIER-SUR-MER,83,2556_C
LE REVEST LES EAUX,83,2557_C
LE LAVANDOU,83,2558_C
CARQUEIRANNE,83,2559_C
BANDOL,83,2560_C
SANARY SUR MER,83,2561_C
SOLLIES-PONT,83,2562_C
HYERES,83,2563_C
LE BEAUSSET,83,2564_C
SAINT-CYR-SUR-MER,83,2565_C
LA LONDE LES MAURES,83,2566_C
LA CADIERE D AZUR,83,2567_C
OLLIOULES,83,2568_C
BORMES-LES-MIMOSAS,83,2569_C
LA FARLEDE,83,2570_C
LA CRAU,83,2571_C
PUGET-VILLE,83,2572_C
CUERS,83,2573_C
EVENOS,83,2574_C
PIERREFEU-DU-VAR,83,2575_C
BELGENTIER,83,2576_C
SOLLIES-VILLE,83,2577_C
SOLLIES-TOUCAS,83,2578_C
CARNOULES,83,2579_C
SIGNES,83,2580_C
LE CASTELLET,83,2581_C
COLLOBRIERES,83,2582_C
CARPENTRAS,84,2583_C
AVIGNON,84,2584_C
MONTEUX,84,2585_C
BEDOIN,84,2586_C
SORGUES,84,2587_C
LE PONTET,84,2588_C
MORIERES LES AVIGNON,84,2589_C
PERNES LES FONTAINES,84,2590_C
BEDARRIDES,84,2591_C
SARRIANS,84,2592_C
VEDENE,84,2593_C
COURTHEZON,84,2594_C
AUBIGNAN,84,2595_C
ENTRAIGUES-SUR-LA-SORGUE,84,2596_C
CAROMB,84,2597_C
MALEMORT-DU-COMTAT,84,2598_C
VILLELAURE,84,2599_C
APT,84,2600_C
L ISLE SUR LA SORGUE,84,2601_C
PERTUIS,84,2602_C
LAURIS,84,2603_C
CAVAILLON,84,2604_C
LE THOR,84,2605_C
LA TOUR D AIGUES,84,2606_C
SAUMANE-DE-VAUCLUSE,84,2607_C
VIENS,84,2608_C
SAINT-SATURNIN LES APT,84,2609_C
CHATEAUNEUF-DE-GADAGNE,84,2610_C
LA BASTIDE DES JOURDANS,84,2611_C
MERINDOL,84,2612_C
ORANGE,84,2613_C
SAINTE-CECILE-LES-VIGNES,84,2614_C
BOLLENE,84,2615_C
JONQUIERES,84,2616_C
VACQUEYRAS,84,2617_C
VAISON-LA-ROMAINE,84,2618_C
VISAN,84,2619_C
BARROUX (LE),84,2620_C
MORNAS,84,2621_C
MALAUCENE,84,2622_C
BEAUMES-DE-VENISE,84,2623_C
CHATEAUNEUF-DU-PAPE,84,2624_C
SERIGNAN-DU-COMTAT,84,2625_C
ROCHE SUR YON (LA),85,2626_C
SAINT-PHILBERT-DE-BOUAINE,85,2627_C
ESSARTS EN BOCAGE,85,2628_C
MONTAIGU-VENDEE,85,2629_C
CHANTONNAY,85,2630_C
BROUZILS (LES),85,2631_C
ROCHESERVIERE,85,2632_C
SAINT-FULGENT,85,2633_C
HERBIERS (LES),85,2634_C
MORTAGNE-SUR-SEVRE,85,2635_C
FONTENAY-LE-COMTE,85,2636_C
LUCON,85,2637_C
AIGUILLON-SUR-MER (L ),85,2638_C
LONGEVILLE-SUR-MER,85,2639_C
TALMONT-SAINT-HILAIRE,85,2640_C
BRETIGNOLLES-SUR-MER,85,2641_C
SAINT-HILAIRE-DE-RIEZ,85,2642_C
SABLES-D'OLONNE (LES),85,2643_C
SAINT-GILLES-CROIX-DE-VIE,85,2644_C
FAUTE-SUR-MER (LA),85,2645_C
TRANCHE-SUR-MER (LA),85,2646_C
JARD-SUR-MER,85,2647_C
SAINT-VINCENT-SUR-JARD,85,2648_C
VAIRE,85,2649_C
LES ACHARDS,85,2650_C
CHALLANS,85,2651_C
BEAUVOIR-SUR-MER,85,2652_C
NOIRMOUTIER-EN-L'ILE,85,2653_C
SAINT-JEAN-DE-MONTS,85,2654_C
NOTRE-DAME-DE-MONTS,85,2655_C
BARBATRE,85,2656_C
BARRE-DE-MONTS (LA),85,2657_C
POITIERS,86,2658_C
CHASSENEUIL-DU-POITOU,86,2659_C
MIGNALOUX-BEAUVOIR,86,2660_C
FONTAINE-LE-COMTE,86,2661_C
BUXEROLLES,86,2662_C
CHATELLERAULT,86,2663_C
LA ROCHE POSAY,86,2664_C
BOURESSE,86,2665_C
CHAUVIGNY,86,2666_C
ISLE,87,2667_C
LIMOGES,87,2668_C
ST YRIEIX LA PERCHE,87,2669_C
ST-LEONARD-DE-NOBLAT,87,2670_C
BESSINES-SUR-GARTEMPE,87,2671_C
COUZEIX,87,2672_C
GOLBEY,88,2673_C
EPINAL,88,2674_C
HADOL,88,2675_C
DARNIEULLES,88,2676_C
VITTEL,88,2677_C
CAPAVENIR VOSGES,88,2678_C
DAMAS-ET-BETTEGNEY,88,2679_C
CHANTRAINE,88,2680_C
DEYVILLERS,88,2681_C
LONGCHAMP,88,2682_C
CONTREXEVILLE,88,2683_C
MIRECOURT,88,2684_C
NEUFCHATEAU,88,2685_C
CHENIMENIL,88,2686_C
PIERREFITTE,88,2687_C
LES FORGES,88,2688_C
GIRANCOURT,88,2689_C
LIFFOL-LE-GRAND,88,2690_C
LAVELINE-DEVANT-BRUYERES,88,2691_C
RAMBERVILLERS,88,2692_C
JEUXEY,88,2693_C
FRAIZE,88,2694_C
PLAINFAING,88,2695_C
RAON L ETAPE,88,2696_C
XONRUPT-LONGEMER,88,2697_C
GERARDMER,88,2698_C
PAIR-ET-GRANDRUPT,88,2699_C
SAINT DIE DES VOSGES,88,2700_C
SAINTE-MARGUERITE,88,2701_C
SAULCY-SUR-MEURTHE,88,2702_C
MOYENMOUTIER,88,2703_C
GERBEPAL,88,2704_C
LA FORGE,88,2705_C
VENTRON,88,2706_C
BUSSANG,88,2707_C
LA BRESSE,88,2708_C
REMIREMONT,88,2709_C
RAMONCHAMP,88,2710_C
RUPT-SUR-MOSELLE,88,2711_C
SAINT-NABORD,88,2712_C
LE THILLOT,88,2713_C
VAGNEY,88,2714_C
SAPOIS,88,2715_C
CORNIMONT,88,2716_C
ST-ETIENNE-LES-REMIREMONT,88,2717_C
POUXEUX,88,2718_C
AUXERRE,89,2719_C
ST GEORGES SUR BAULCHE,89,2720_C
TONNERRE,89,2721_C
CHEVANNES,89,2722_C
VENOY,89,2723_C
MONTREAL,89,2724_C
AVALLON,89,2725_C
VILLENEUVE SUR YONNE,89,2726_C
PARON,89,2727_C
ST CLEMENT,89,2728_C
SENS,89,2729_C
SAVIGNY SUR CLAIRIS,89,2730_C
ST VALERIEN,89,2731_C
MALAY LE GRAND,89,2732_C
THORIGNY-SUR-OREUSE,89,2733_C
CHEROY,89,2734_C
BELFORT,90,2735_C
OFFEMONT,90,2736_C
BEAUCOURT,90,2737_C
BONDOUFLE,91,2738_C
CORBEIL ESSONNES,91,2739_C
BOUSSY-SAINT-ANTOINE,91,2740_C
BRUNOY,91,2741_C
EVRY-COURCOURONNES,91,2742_C
ETIOLLES,91,2743_C
MENNECY,91,2744_C
VILLABE,91,2745_C
YERRES,91,2746_C
COUDRAY-MONTCEAUX (LE),91,2747_C
BALLANCOURT-SUR-ESSONNE,91,2748_C
SAINT-PIERRE-DU-PERRAY,91,2749_C
DRAVEIL,91,2750_C
VARENNES-JARCY,91,2751_C
CROSNE,91,2752_C
MONTGERON,91,2753_C
SOISY-SUR-SEINE,91,2754_C
VIGNEUX SUR SEINE,91,2755_C
FONTENAY-LE-VICOMTE,91,2756_C
SAINT-GERMAIN-LES-CORBEIL,91,2757_C
LISSES,91,2758_C
SAINTRY-SUR-SEINE,91,2759_C
RIS-ORANGIS,91,2760_C
VERT LE PETIT,91,2761_C
EPINAY-SOUS-SENART,91,2762_C
QUINCY-SOUS-SENART,91,2763_C
ORMOY,91,2764_C
TIGERY,91,2765_C
CHAMPCUEIL,91,2766_C
VERT LE GRAND,91,2767_C
SAVIGNY-SUR-ORGE,91,2768_C
ATHIS MONS,91,2769_C
JUVISY SUR ORGE,91,2770_C
SAINTE-GENEVIEVE-DES-BOIS,91,2771_C
LONGJUMEAU,91,2772_C
MASSY,91,2773_C
MORANGIS,91,2774_C
WISSOUS,91,2775_C
CHILLY MAZARIN,91,2776_C
SAULX-LES-CHARTREUX,91,2777_C
BALLAINVILLIERS,91,2778_C
VIRY CHATILLON,91,2779_C
VILLIERS-SUR-ORGE,91,2780_C
MORSANG-SUR-ORGE,91,2781_C
GRIGNY,91,2782_C
VILLEMOISSON-S-ORGE,91,2783_C
PARAY-VIEILLE-POSTE,91,2784_C
EPINAY SUR ORGE,91,2785_C
CHAMPLAN,91,2786_C
FLEURY-MEROGIS,91,2787_C
SAINT-MICHEL-SUR-ORGE,91,2788_C
MONTLHERY,91,2789_C
LINAS,91,2790_C
BRETIGNY SUR ORGE,91,2791_C
CHEPTAINVILLE,91,2792_C
ARPAJON,91,2793_C
SAINT-VRAIN,91,2794_C
EGLY,91,2795_C
LONGPONT-SUR-ORGE,91,2796_C
LA NORVILLE,91,2797_C
BRUYERES-LE-CHATEL,91,2798_C
SAINT-GERMAIN-LES-ARPAJON,91,2799_C
OLLAINVILLE,91,2800_C
LEUVILLE-SUR-ORGE,91,2801_C
LE PLESSIS PATE,91,2802_C
LEUDEVILLE,91,2803_C
MAROLLES-EN-HUREPOIX,91,2804_C
ETAMPES,91,2805_C
BOUTIGNY-SUR-ESSONNE,91,2806_C
BOISSY-SOUS-SAINT-YON,91,2807_C
ORMOY-LA-RIVIERE,91,2808_C
ETRECHY,91,2809_C
SOISY-SUR-ECOLE,91,2810_C
DOURDAN,91,2811_C
SACLAS,91,2812_C
MILLY-LA-FORET,91,2813_C
PUSSAY,91,2814_C
ROINVILLE-SOUS-DOURDAN,91,2815_C
BAULNE,91,2816_C
CORBREUSE,91,2817_C
FERTE-ALAIS (LA),91,2818_C
CERNY,91,2819_C
MORIGNY-CHAMPIGNY,91,2820_C
GUIGNEVILLE,91,2821_C
LARDY,91,2822_C
D   HUISON LONGUEVILLE,91,2823_C
BOURAY-SUR-JUINE,91,2824_C
COURANCES,91,2825_C
BREUILLET,91,2826_C
BRIERES-LES-SCELLES,91,2827_C
MAISSE,91,2828_C
VAL-SAINT-GERMAIN (LE),91,2829_C
SAINT-CYR-SOUS-DOURDAN,91,2830_C
ITTEVILLE,91,2831_C
SAINT-YON,91,2832_C
CHAMARANDE,91,2833_C
VAYRES-SUR-ESSONNE,91,2834_C
BOISSY-LE-CUTTE,91,2835_C
VILLENEUVE-SUR-AUVERS,91,2836_C
ANGERVILLIERS,91,2837_C
ANGERVILLE,91,2838_C
MARCOUSSIS,91,2839_C
BRIIS-SOUS-FORGES,91,2840_C
ORSAY,91,2841_C
GIF SUR YVETTE,91,2842_C
PALAISEAU,91,2843_C
FORGES-LES-BAINS,91,2844_C
LES ULIS,91,2845_C
BIEVRES,91,2846_C
NOZAY,91,2847_C
BURES SUR YVETTE,91,2848_C
LIMOURS,91,2849_C
IGNY,91,2850_C
VERRIERES LE BUISSON,91,2851_C
VILLE-DU-BOIS (LA),91,2852_C
VILLEBON SUR YVETTE,91,2853_C
VAUGRIGNEUSE,91,2854_C
GOMETZ-LA-VILLE,91,2855_C
VILLIERS-LE-BACLE,91,2856_C
GOMETZ-LE-CHATEL,91,2857_C
VILLEJUST,91,2858_C
SAINT-JEAN-DE-BEAUREGARD,91,2859_C
SACLAY,91,2860_C
PUTEAUX,92,2861_C
RUEIL-MALMAISON,92,2862_C
SURESNES,92,2863_C
NANTERRE,92,2864_C
COURBEVOIE,92,2865_C
BOIS-COLOMBES,92,2866_C
LA GARENNE-COLOMBES,92,2867_C
ASNIERES-SUR-SEINE,92,2868_C
GENNEVILLIERS,92,2869_C
COLOMBES,92,2870_C
VILLENEUVE-LA-GARENNE,92,2871_C
LEVALLOIS-PERRET,92,2872_C
CLICHY,92,2873_C
NEUILLY-SUR-SEINE,92,2874_C
BOULOGNE-BILLANCOURT,92,2875_C
VAUCRESSON,92,2876_C
GARCHES,92,2877_C
SAINT-CLOUD,92,2878_C
MEUDON,92,2879_C
SEVRES,92,2880_C
VILLE-D'AVRAY,92,2881_C
CHAVILLE,92,2882_C
CHATENAY-MALABRY,92,2883_C
BOURG-LA-REINE,92,2884_C
ISSY-LES-MOULINEAUX,92,2885_C
MONTROUGE,92,2886_C
FONTENAY-AUX-ROSES,92,2887_C
CLAMART,92,2888_C
ANTONY,92,2889_C
VANVES,92,2890_C
SCEAUX,92,2891_C
LE PLESSIS-ROBINSON,92,2892_C
CHATILLON,92,2893_C
BAGNEUX,92,2894_C
MALAKOFF,92,2895_C
LE PRE-SAINT-GERVAIS,93,2896_C
ROMAINVILLE,93,2897_C
LES LILAS,93,2898_C
BAGNOLET,93,2899_C
NOISY-LE-SEC,93,2900_C
BOBIGNY,93,2901_C
LES PAVILLONS-SOUS-BOIS,93,2902_C
DRANCY,93,2903_C
BONDY,93,2904_C
PANTIN,93,2905_C
SAINT-OUEN-SUR-SEINE,93,2906_C
AUBERVILLIERS,93,2907_C
SAINT-DENIS,93,2908_C
LA COURNEUVE,93,2909_C
EPINAY SUR SEINE,93,2910_C
PIERREFITTE-SUR-SEINE,93,2911_C
STAINS,93,2912_C
LE BOURGET,93,2913_C
VILLETANEUSE,93,2914_C
L'ILE-SAINT-DENIS,93,2915_C
DUGNY,93,2916_C
VAUJOURS,93,2917_C
TREMBLAY-EN-FRANCE,93,2918_C
COUBRON,93,2919_C
SEVRAN,93,2920_C
CLICHY SOUS BOIS,93,2921_C
LIVRY-GARGAN,93,2922_C
AULNAY SOUS BOIS,93,2923_C
VILLEPINTE,93,2924_C
LE BLANC-MESNIL,93,2925_C
NEUILLY-SUR-MARNE,93,2926_C
NEUILLY-PLAISANCE,93,2927_C
GAGNY,93,2928_C
NOISY-LE-GRAND,93,2929_C
GOURNAY SUR MARNE,93,2930_C
LE RAINCY,93,2931_C
MONTFERMEIL,93,2932_C
MONTREUIL,93,2933_C
ROSNY-SOUS-BOIS,93,2934_C
VILLEMOMBLE,93,2935_C
ST MAURICE,94,2936_C
SAINT-MAUR-DES-FOSSES,94,2937_C
JOINVILLE-LE-PONT,94,2938_C
ALFORTVILLE,94,2939_C
MAISONS-ALFORT,94,2940_C
CHARENTON-LE-PONT,94,2941_C
CRETEIL,94,2942_C
BONNEUIL-SUR-MARNE,94,2943_C
IVRY-SUR-SEINE,94,2944_C
CACHAN,94,2945_C
LE KREMLIN-BICETRE,94,2946_C
VILLEJUIF,94,2947_C
FRESNES,94,2948_C
CHOISY-LE-ROI,94,2949_C
VITRY-SUR-SEINE,94,2950_C
THIAIS,94,2951_C
L'HAY-LES-ROSES,94,2952_C
ORLY,94,2953_C
CHEVILLY-LARUE,94,2954_C
RUNGIS,94,2955_C
GENTILLY,94,2956_C
ARCUEIL,94,2957_C
VILLENEUVE-SAINT-GEORGES,94,2958_C
PERIGNY,94,2959_C
BOISSY-SAINT-LEGER,94,2960_C
VALENTON,94,2961_C
CHENNEVIERES SUR MARNE,94,2962_C
LA QUEUE-EN-BRIE,94,2963_C
VILLIERS-SUR-MARNE,94,2964_C
SUCY-EN-BRIE,94,2965_C
LIMEIL-BREVANNES,94,2966_C
VILLECRESNES,94,2967_C
ABLON-SUR-SEINE,94,2968_C
LE PLESSIS-TREVISE,94,2969_C
MANDRES-LES-ROSES,94,2970_C
VILLENEUVE-LE-ROI,94,2971_C
NOISEAU,94,2972_C
SANTENY,94,2973_C
ORMESSON-SUR-MARNE,94,2974_C
MAROLLES-EN-BRIE,94,2975_C
NOGENT-SUR-MARNE,94,2976_C
VINCENNES,94,2977_C
BRY-SUR-MARNE,94,2978_C
SAINT-MANDE,94,2979_C
FONTENAY-SOUS-BOIS,94,2980_C
LE PERREUX-SUR-MARNE,94,2981_C
CHAMPIGNY-SUR-MARNE,94,2982_C
PONTOISE,95,2983_C
MENUCOURT,95,2984_C
ERAGNY-SUR-OISE,95,2985_C
ST OUEN L AUMONE,95,2986_C
NOINTEL,95,2987_C
AUVERS-SUR-OISE,95,2988_C
L'ISLE-ADAM,95,2989_C
CERGY,95,2990_C
PIERRELAYE,95,2991_C
JOUY-LE-MOUTIER,95,2992_C
OSNY,95,2993_C
BEAUMONT-SUR-OISE,95,2994_C
MERIEL,95,2995_C
MERY-SUR-OISE,95,2996_C
PARMAIN,95,2997_C
CORMEILLES-EN-VEXIN,95,2998_C
COURDIMANCHE,95,2999_C
MAGNY-EN-VEXIN,95,3000_C
VAUREAL,95,3001_C
CHAMPAGNE SUR-OISE,95,3002_C
CHARS,95,3003_C
ENNERY,95,3004_C
PERSAN,95,3005_C
BOISSY-L'AILLERIE,95,3006_C
MARINES,95,3007_C
VILLIERS-ADAM,95,3008_C
VALMONDOIS,95,3009_C
LA ROCHE-GUYON,95,3010_C
GENAINVILLE,95,3011_C
BRUYERES-SUR-OISE,95,3012_C
LABBEVILLE,95,3013_C
VETHEUIL,95,3014_C
GOUSSAINVILLE,95,3015_C
BELLOY-EN-FRANCE,95,3016_C
GONESSE,95,3017_C
DOMONT,95,3018_C
ARNOUVILLE,95,3019_C
ROISSY-EN-FRANCE,95,3020_C
SAINT-BRICE-SOUS-FORET,95,3021_C
GARGES-LES-GONESSE,95,3022_C
ECOUEN,95,3023_C
LE THILLAY,95,3024_C
SARCELLES,95,3025_C
MONTSOULT,95,3026_C
SAINT-WITZ,95,3027_C
EZANVILLE,95,3028_C
BOUFFEMONT,95,3029_C
MAFFLIERS,95,3030_C
BAILLET-EN-FRANCE,95,3031_C
LOUVRES,95,3032_C
FOSSES,95,3033_C
VILLIERS-LE-BEL,95,3034_C
LUZARCHES,95,3035_C
VILLERON,95,3036_C
VEMARS,95,3037_C
VIARMES,95,3038_C
BONNEUIL-EN-FRANCE,95,3039_C
SURVILLIERS,95,3040_C
MOISSELLES,95,3041_C
ASNIERES-SUR-OISE,95,3042_C
PUISEUX-EN-FRANCE,95,3043_C
FONTENAY-EN-PARISIS,95,3044_C
CHAUMONTEL,95,3045_C
SEUGY,95,3046_C
MONTMORENCY,95,3047_C
ERMONT,95,3048_C
EAUBONNE,95,3049_C
FRANCONVILLE LA GARENNE,95,3050_C
PLESSIS-BOUCHARD (LE),95,3051_C
FREPILLON,95,3052_C
TAVERNY,95,3053_C
ENGHIEN LES BAINS,95,3054_C
ST LEU LA FORET,95,3055_C
ST GRATIEN,95,3056_C
DEUIL LA BARRE,95,3057_C
BEAUCHAMP,95,3058_C
GROSLAY,95,3059_C
BESSANCOURT,95,3060_C
SAINT-PRIX,95,3061_C
MARGENCY,95,3062_C
SOISY SS MONTMORENCY,95,3063_C
MONTMAGNY,95,3064_C
MONTLIGNON,95,3065_C
ANDILLY,95,3066_C
SANNOIS,95,3067_C
HERBLAY-SUR-SEINE,95,3068_C
ARGENTEUIL,95,3069_C
MONTIGNY LES CORMEILLES,95,3070_C
BEZONS,95,3071_C
LA FRETTE-SUR-SEINE,95,3072_C
CORMEILLES-EN-PARISIS,95,3073_C
SAINT MARTIN,971,3074_C
SAINTE ANNE,972,3075_C
SCHOELCHER,972,3076_C
MARIN,972,3077_C
FORT DE FRANCE,972,3078_C
TROIS ILETS,972,3079_C
CASE PILOTE,972,3080_C
DUCOS,972,3081_C
LE LAMENTIN,972,3082_C
DIAMANT,972,3083_C
VAUCLIN,972,3084_C
SAINT JOSEPH,972,3085_C
SAINTE LUCE,972,3086_C
FRANCOIS,972,3087_C
ROBERT,972,3088_C
AJOUPA BOUILLON,972,3089_C
TRINITE,972,3090_C
GROS MORNE,972,3091_C
CAYENNE,973,3092_C
REMIRE MONTJOLY,973,3093_C
KOUROU,973,3094_C
MATOURY,973,3095_C
SAINT LAURENT DU MARONI,973,3096_C
SAINTE MARIE,974,3097_C
SAINT DENIS,974,3098_C
SAINT-PAUL,974,3099_C
SAINT-BENOIT,974,3100_C
SAINT-ANDRE,974,3101_C
LA POSSESSION,974,3102_C
SAINT PIERRE,974,3103_C
SAINT-LEU,974,3104_C
PARIS 03,75,3105_C
PARIS 01,75,3106_C
PARIS 08,75,3107_C
PARIS 06,75,3108_C
PARIS 07,75,3109_C
PARIS 05,75,3110_C
PARIS 10,75,3111_C
PARIS 09,75,3112_C
PARIS 11,75,3113_C
PARIS 12,75,3114_C
PARIS 13,75,3115_C
PARIS 14,75,3116_C
PARIS 15,75,3117_C
PARIS 16,75,3118_C
PARIS 17,75,3119_C
PARIS 18,75,3120_C
PARIS 20,75,3121_C
PARIS 19,75,3122_C
PARIS 04,75,3123_C
PARIS 02,75,3124_C
